,index,member,thickness,lithology,facies,grade,features,sample_name,sample_height,sample_facies,sample_features,facies_simplified,sample_facies_simplified,trace_facies_simplified,sample_lith,trace_facies,d13c_carb,d18o_carb,Li_umol_molCa,Na_mmol_molCa,Mg_mmol_molCa,Al_mmol_molCa,K_mmol_molCa,V_umol_molCa,Mn_mmol_molCa,Fe_mmol_molCa,Rb_umol_molCa,Sr_mmol_molCa,Th_umol_molCa,U_umol_molCa,sample_height_scaled
0,Railway,CCK,3.3,limestone,siltstone[grainstone],,,C9_0.6,0.6,sandy green and pink crystalline limestone,,limestone-siltstone rhythmite,sandy limestone,,sandy ls,,-10.56091881,-15.53747749,,,,,,,,,,,,,-28.2
1,Railway,CCK,1.1,limestone,siltstone[grainstone],,,C9_1,1.0,ls cemented siltstone,,limestone-siltstone rhythmite,sandy limestone,,sandy ls,,-10.08662415,-15.83240509,,,,,,,,,,,,,-27.0
2,Railway,CCK,0.3,limestone,intraclast carbonate breccia,,ICT,C9_1.1,1.1,ls cemented siltstone,,intraclast carbonate breccia,sandy limestone,,sandy ls,,-10.09503746,-15.15735626,,,,,,,,,,,,,-26.7
3,Railway,CCK,1.2,siliciclastic,ls cemented siltstone,,,C9_2.4,2.4,ls cemented siltstone,,carbonate cemented siltstone,sandy limestone,,sandy ls,,-9.949508667,-14.85890007,,,,,,,,,,,,,-22.8
4,Railway,CCK,1.0,limestone,intraclast carbonate breccia,,ICT,C9_2.7,2.7,ls cemented siltstone,,intraclast carbonate breccia,sandy limestone,,sandy ls,,-10.45545769,-14.95701885,,,,,,,,,,,,,-21.9
5,Railway,CCK,0.7,siliciclastic,siltstone[grainstone],,,C9_2.9,2.9,sandy grainstone,,limestone-siltstone rhythmite,sandy limestone,,sandy ls,,-9.996433258,-15.09674072,,,,,,,,,,,,,-21.3
6,Railway,CCK,,,,,,C9_3.3,3.3,sandy grainstone,,,sandy limestone,,sandy ls,,-10.70009422,-15.25574207,,,,,,,,,,,,,-20.1
7,Railway,CCK,,,,,,C9_3.6,3.6,sandy grainstone,,,sandy limestone,,sandy ls,,-10.54367542,-14.67934418,,,,,,,,,,,,,-19.2
8,Railway,CCK,,,,,,C9_3.8,3.8,sandy grainstone,,,sandy limestone,,sandy ls,,-10.71326828,-15.94717216,,,,,,,,,,,,,-18.6
9,Railway,CCK,,,,,,C9_4,4.0,sandy grainstone,,,sandy limestone,,sandy ls,,-9.915685654,-14.85207176,,,,,,,,,,,,,-18.0
10,Railway,CCK,,,,,,C9_4.1,4.1,sandy grainstone,,,sandy limestone,,sandy ls,,-10.44573307,-15.16178226,,,,,,,,,,,,,-17.700000000000003
11,Railway,CCK,,,,,,C9_4.2,4.2,sandy grainstone,,,sandy limestone,,sandy ls,,-10.46069527,-14.8276844,,,,,,,,,,,,,-17.4
12,Railway,CCK,,,,,,C9_5.2,5.2,sandy grainstone,,,sandy limestone,,sandy ls,,-10.02006149,-14.82638359,,,,,,,,,,,,,-14.399999999999999
13,Railway,CCK,,,,,,C9_5.5,5.5,sandy grainstone,,,sandy limestone,,sandy ls,,-10.1563406,-16.24526978,,,,,,,,,,,,,-13.5
14,Railway,CCK,,,,,,C9_6.6,6.6,recrystallized grainstone,,,crystalline limestone,,ls,,-9.24702549,-15.59502411,,,,,,,,,,,,,-10.200000000000003
15,Railway,CCK,,,,,,C9_6.7,6.7,recrystallized grainstone,,,crystalline limestone,,ls,,-9.404409409,-15.33705807,,,,,,,,,,,,,-9.899999999999999
16,Railway,CCK,,,,,,C9_6.8,6.8,recrystallized grainstone,,,crystalline limestone,,ls,,-9.462182045,-15.49587059,,,,,,,,,,,,,-9.600000000000001
17,Temple Lake,TLM,6.3,siliciclastic,siltstone,,purple,C8_6.3,6.3,grey crystalline limestone,,siltstone,crystalline limestone,,ls,,-12.33514595,-14.12032795,,,,,,,,,,,,,13.1
18,Temple Lake,TLM,50.0,limestone,siltstone[limestone],,intraclast carbonate breccia,C8_7.3,7.3,sandy pink crystalline limestone,,limestone-siltstone rhythmite,sandy limestone,,sandy ls,,-12.03563309,-14.51073837,,,,,,,,,,,,,14.1
19,Temple Lake,TLM,3.0,siliciclastic,siltstone[sandstone],,,C8_35.6,35.6,sandy pink crystalline limestone,,siltstone,sandy limestone,sandy limestone,sandy ls,sandy pink crystalline limestone,-10.6086216,-15.25792217,5.683293462,3.200392434,17.77922792,0.332112761,0.409498314,0.158018519,11.73698504,2.024243528,0.096730728,0.576825734,0.034782518,0.852141204,42.4
20,Temple Lake,TLM,10.2,limestone,siltstone[silty limestone],,,C8_59.3,59.3,sandy dolostone,,carbonate cemented siltstone,sandy dolostone,,dol,,-11.47374916,-15.08218479,,,,,,,,,,,,,66.1
21,Temple Lake,TLM,4.2,limestone,siltstone[intraclast carbonate breccia],,,C8_60.2,60.2,sandy grainstone,,siltstone-intraclast carbonate breccia couplets,sandy limestone,sandy limestone,sandy ls,sandy grainstone,-10.59755898,-14.75698471,223.2028812,22.36477174,261.0510762,10.2962143,28.73893288,-0.525300312,29.26002294,31.01227051,6.671500451,0.740889537,1.163440591,1.004852685,67.0
22,Temple Lake,TLM,6.3,limestone,siltstone[limestone],,convoluted limestone,C8_69.7,69.7,pink laminated crystalline limestone,,limestone-siltstone rhythmite,crystalline limestone,,ls,,-11.06939983,-15.83630466,,,,,,,,,,,,,76.5
23,Temple Lake,TLM,8.2,limestone,siltstone[silty limestone],,,C8_70.1,70.1,sandy pink crystalline limestone,,carbonate cemented siltstone,sandy limestone,sandy limestone,sandy ls,sandy pink crystalline limestone,-11.27788544,-15.83085632,11.94553932,11.06764534,39.37200714,0.848191141,1.44633052,0.100864881,22.61854066,2.581769168,0.349277536,0.67965229,0.059063317,0.248682235,76.89999999999999
24,Temple Lake,TLM,7.8,limestone,siltstone[limestone],,convoluted limestone,C8_70.4,70.4,sandy pink crystalline limestone,,limestone-siltstone rhythmite,sandy limestone,,sandy ls,,-11.03052902,-16.03873825,,,,,,,,,,,,,77.2
25,Temple Lake,TLM,14.2,limestone,siltstone[silty limestone],,,C8_70.8,70.8,sandy pink crystalline limestone,,carbonate cemented siltstone,sandy limestone,sandy limestone,sandy ls,sandy pink crystalline limestone,-10.98970985,-15.56378078,7.713300592,4.342869265,13.15667018,0.278993484,0.27614499,0.113203034,9.158769036,1.291283192,0.965328301,0.568932461,0.007421766,0.244060731,77.6
26,Temple Lake,TLM,7.3,limestone,red limestone siltstone rhythmite,,,C8_71.1,71.1,sandy green and pink crystalline limestone,,limestone-siltstone rhythmite,sandy limestone,sandy limestone,sandy ls,sandy green and pink crystalline limestone,-10.76332569,-16.47158241,6.334516086,4.044612202,12.59889077,0.377531658,0.582177857,0.099795883,10.52198265,1.132187715,0.151486836,0.597226755,0.01357278,0.340269282,77.89999999999999
27,Temple Lake,TLM,6.6,limestone,red limestone siltstone rhythmite,,,C8_71.5,71.5,sandy green and pink crystalline limestone,,limestone-siltstone rhythmite,sandy limestone,,sandy ls,,-10.81086445,-15.81959057,,,,,,,,,,,,,78.3
28,Temple Lake,TLM,6.4,limestone,green limestone siltstone rhythmite,,,C8_73.1,73.1,sandy pink crystalline limestone,,limestone-siltstone rhythmite,sandy limestone,sandy limestone,sandy ls,sandy pink crystalline limestone,-10.17246628,-15.61396313,8.84374218,2.644248903,14.79515576,0.309997535,0.563779511,0.28066294,8.016347069,1.049825292,0.131483714,0.543666648,0.006626436,0.305472312,79.89999999999999
29,Temple Lake,TLM,5.0,siliciclastic,mudstone,,,C8_73.2,73.2,sandy pink crystalline limestone,,mudstone,sandy limestone,,sandy ls,,-10.06655407,-15.58061981,,,,,,,,,,,,,80.0
30,Temple Lake,TLM,,,,,,C8_73.4,73.4,sandy pink crystalline limestone,,,sandy limestone,sandy limestone,sandy ls,sandy pink crystalline limestone,-10.18840408,-15.79570103,5.291014037,1.619858408,18.23190333,0.114144459,0.24673382,0.031341984,9.370327231,0.948290838,0.049778887,0.549485907,0.012230645,0.277900275,80.2
31,Temple Lake,TLM,,,,,,C8_73.5,73.5,sandy pink crystalline limestone,,,sandy limestone,,sandy ls,,-10.07433891,-15.58775997,,,,,,,,,,,,,80.3
32,Temple Lake,TLM,,,,,,C8_77.3,77.3,pink crystalline limestone,,,crystalline limestone,crystalline limestone,ls,pink crystalline limestone,-9.788320541,-18.02100754,3.494631309,1.47246986,12.81667286,0.116427705,0.304311762,0.102776404,11.00248069,1.141579097,0.064901414,0.510630528,0.014794565,0.828144498,84.1
33,Temple Lake,TLM,,,,,,C8_77.6,77.6,sandy pink crystalline limestone,,,sandy limestone,sandy limestone,sandy ls,sandy pink crystalline limestone,-9.697758675,-17.16054535,6.457719204,2.441976508,11.86444955,0.183642579,0.336130662,0.007737139,10.50640284,1.218877641,0.948657068,0.463722751,0.003670855,0.540362654,84.39999999999999
34,Temple Lake,TLM,,,,,,C8_78.2,78.2,sandy pink crystalline limestone,,,sandy limestone,,sandy ls,,-9.897939682,-15.60389137,,,,,,,,,,,,,85.0
35,Temple Lake,TLM,,,,,,C8_78.5,78.5,pink crystalline limestone,,,crystalline limestone,crystalline limestone,ls,pink crystalline limestone,-9.745679855,-15.49373913,5.872620742,1.908914028,15.69309031,0.079818331,0.461823987,-0.001817743,11.94760237,0.193630033,0.097998931,0.519405109,0.003430114,0.849310393,85.3
36,Temple Lake,TLM,,,,,,C8_81.5,81.5,sandy grainstone,,,sandy limestone,,sandy ls,,-8.286569595,-14.96806049,,,,,,,,,,,,,88.3
37,Temple Lake,TLM,,,,,,C8_82.6,82.6,ls mudstone,,,ls mudstone,ls mudstone,ls,ls mudstone,-5.516160488,-13.57635498,393.865542,10.29087203,351.7257206,12.31641818,49.53206279,3.433127024,17.24318109,0.371456204,10.5301162,0.741617916,4.134435557,1.23882662,89.39999999999999
38,Temple Lake,TLM,,,,,,C8_83.1,83.1,sandy grainstone,,,sandy limestone,,sandy ls,,-9.518854141,-15.68873596,,,,,,,,,,,,,89.89999999999999
39,Temple Lake,TLM,,,,,,C8_84.1,84.1,sandy grainstone,,,sandy limestone,sandy limestone,sandy ls,sandy grainstone,-9.503284454,-15.28216076,99.26273061,9.337962916,52.71614619,4.949678682,12.75817599,0.246999278,25.67529341,8.329519357,2.731153275,0.9273116,0.839316307,0.234761089,90.89999999999999
40,Temple Lake,TLM,,,,,,C8_85.6,85.6,sandy grainstone,,,sandy limestone,,sandy ls,,-9.225013733,-15.6841898,,,,,,,,,,,,,92.39999999999999
41,Temple Lake,TLM,,,,,,C8_86.2,86.2,sandy grainstone,,,sandy limestone,sandy limestone,sandy ls,sandy grainstone,-9.424882889,-15.50467873,356.4631982,17.26039579,43.37291226,17.3967335,90.65153562,2.300378295,26.17060219,2.238988364,110.8758756,0.929966823,3.918345543,0.730756636,93.0
42,Temple Lake,TLM,,,,,,C8_87.2,87.2,sandy grainstone,,,sandy limestone,sandy limestone,sandy ls,sandy grainstone,-9.275121689,-15.83800697,257.8629819,8.486669667,37.28691301,8.813733043,31.86822892,0.321980846,21.51040181,0.629224594,6.960148212,0.88884636,1.664865971,0.715322057,94.0
43,Temple Lake,TLM,,,,,,C8_88.3,88.3,sandy grainstone,,,sandy limestone,,sandy ls,,-9.525035858,-15.63951683,,,,,,,,,,,,,95.1
44,Temple Lake,TLM,,,,,,C8_91.0,91.0,sandy grainstone,,,sandy limestone,sandy limestone,sandy ls,sandy grainstone,-9.167837143,-15.80129814,174.1888492,9.625119456,29.91188626,9.050260934,27.77302453,1.334387649,23.23841396,2.085368795,6.088375474,0.960060788,3.688380131,0.413996636,97.8
45,Temple Lake,TLM,,,,,,C8_91.8,91.8,sandy grainstone,,,sandy limestone,,sandy ls,,-8.034353256,-15.48207855,,,,,,,,,,,,,98.6
46,Temple Lake,TLM,,,,,,C8_92.9,92.9,sandy grainstone,,,sandy limestone,sandy limestone,sandy ls,sandy grainstone,-9.433534622,-15.62665749,212.1723161,10.8875401,31.83361358,7.058643427,30.43050448,0.634374114,23.64143066,1.90079163,6.75182853,1.011053441,1.400720187,0.674560189,99.7
47,Temple Lake,TLM,,,,,,C8_94.0,94.0,pink laminated crystalline limestone,,,crystalline limestone,,ls,,-9.315113068,-15.5073204,,,,,,,,,,,,,100.8
48,Temple Lake,TLM,,,,,,C8_95.0,95.0,sandy grainstone,,,sandy limestone,sandy limestone,sandy ls,sandy grainstone,-9.414142609,-16.31380463,95.35636555,6.901320431,23.71243411,4.439006612,13.10942625,0.470088231,21.89618685,2.792909722,2.893388109,0.938062109,1.143589545,0.259670846,101.8
49,Temple Lake,TLM,,,,,,C8_97.3,97.3,sandy grainstone,,,sandy limestone,sandy limestone,sandy ls,sandy grainstone,-9.297031403,-15.59991741,66.75635475,6.375974697,18.90259083,2.91548902,15.6794785,0.039302642,20.24309423,2.852911485,18.91330091,0.939420853,0.650500374,0.250254514,104.1
50,Temple Lake,TLM,,,,,,C8_97.7,97.7,sandy grainstone,,,sandy limestone,,sandy ls,,-9.081899643,-16.00537491,,,,,,,,,,,,,104.5
51,Temple Lake,TLM,,,,,,C8_98.7,98.7,sandy grainstone,,,sandy limestone,sandy limestone,sandy ls,sandy grainstone,-7.405174255,-14.96997261,163.4438344,6.472028032,46.51386081,7.162140417,27.80907568,0.114136173,19.98633504,0.679604557,6.053817368,0.771119323,1.880894791,0.27909194,105.5
52,Temple Lake,TLM,,,,,,C8_99.7,99.7,pink crystalline limestone,,,crystalline limestone,,ls,,-9.070693016,-15.28075504,,,,,,,,,,,,,106.5
53,Temple Lake,TLM,,,,,,C8_100.7,100.7,pink crystalline limestone,,,crystalline limestone,,ls,,-9.204847336,-15.45738602,,,,,,,,,,,,,107.5
54,Temple Lake,TLM,,,,,,C8_101.7,101.7,sandy green crystalline limestone,,,sandy limestone,,sandy ls,,-9.154611588,-15.3939085,,,,,,,,,,,,,108.5
55,Temple Lake,TLM,,,,,,C8_102.7,102.7,sandy grainstone,,,sandy limestone,,sandy ls,,-8.770903587,-15.38203621,,,,,,,,,,,,,109.5
56,Temple Lake,TLM,,,,,,C8_104.1,104.1,sandy grainstone,,,sandy limestone,,sandy ls,,-8.689674377,-15.40024185,,,,,,,,,,,,,110.89999999999999
57,Temple Lake,TLM,,,,,,C8_104.6,104.6,sandy crystalline limestone with microcrystalline dolomite,,,sandy dolostone,sandy dolostone,dol,sandy crystalline limestone with microcrystalline dolomite,-8.916954041,-15.21728611,8.091503408,2.821718596,14.00821924,0.238527831,0.837115438,0.135868956,10.39436485,1.407345777,1.51233298,0.531787425,0.020365687,0.244913831,111.39999999999999
58,Temple Lake,TLM,,,,,,C8_105.3,105.3,sandy tan crystalline limestone,,,sandy limestone,,sandy ls,,-8.661564827,-15.5120573,,,,,,,,,,,,,112.1
59,Temple Lake,TLM,,,,,,C8_106.0,106.0,sandy grainstone,,,sandy limestone,,sandy ls,,-8.801700592,-15.2699213,,,,,,,,,,,,,112.8
60,Temple Lake,TLM,,,,,,C8_106.7,106.7,sandy green and pink crystalline limestone,,,sandy limestone,,sandy ls,,-8.954784393,-15.16554642,,,,,,,,,,,,,113.5
61,Temple Lake,TLM,,,,,,C8_108.0,108.0,sandy pink crystalline limestone,,,sandy limestone,,sandy ls,,-8.736209869,-15.30935097,,,,,,,,,,,,,114.8
62,Temple Lake,TLM,,,,,,C8_108.2,108.2,sandy pink crystalline limestone,,,sandy limestone,,sandy ls,,-8.803098679,-15.28103065,,,,,,,,,,,,,115.0
63,Temple Lake,TLM,,,,,,C8_110.2,110.2,sandy pink crystalline limestone,,,sandy limestone,,sandy ls,,-8.703027725,-15.22443295,,,,,,,,,,,,,117.0
64,Temple Lake,TLM,,,,,,C8_111.0_white,111.0,sandy tan crystalline limestone,,,sandy limestone,,sandy ls,,-8.651486397,-15.19807339,,,,,,,,,,,,,117.8
65,Temple Lake,TLM,,,,,,C8_111.0_purple,111.0,sandy pink crystalline limestone,,,sandy limestone,sandy limestone,sandy ls,sandy pink crystalline limestone,-8.641766548,-15.30418301,11.16254322,3.226210213,16.17221755,0.436480279,1.351630592,0.144693534,8.778123103,1.641191432,2.255019126,0.440798599,0.043498941,0.23616814,117.8
66,Temple Lake,TLM,,,,,,C8_111.2,111.2,sandy pink crystalline limestone,,,sandy limestone,,sandy ls,,-8.634111404,-15.34118462,,,,,,,,,,,,,118.0
67,Temple Lake,TLM,,,,,,C8_111.4,111.4,sandy grainstone,,,sandy limestone,,sandy ls,,-8.517918587,-15.10918713,,,,,,,,,,,,,118.2
68,Temple Lake,TLM,,,,,,C8_111.9,111.9,sandy pink crystalline limestone,,,sandy limestone,,sandy ls,,-8.480949402,-15.36996651,,,,,,,,,,,,,118.7
69,Temple Lake,TLM,,,,,,C8_112.3,112.3,sandy pink crystalline limestone,,,sandy limestone,,sandy ls,,-8.611654282,-15.35371494,,,,,,,,,,,,,119.1
70,Temple Lake,TLM,,,,,,C8_112.5,112.5,sandy grainstone,,,sandy limestone,,sandy ls,,-8.601378441,-15.33778858,,,,,,,,,,,,,119.3
71,Temple Lake,TLM,,,,,,C8_112.7,112.7,sandy pink crystalline limestone,,,sandy limestone,,sandy ls,,-8.575074196,-15.47172832,,,,,,,,,,,,,119.5
72,Temple Lake,TLM,,,,,,C8_114.9,114.9,sandy pink crystalline limestone,,,sandy limestone,,sandy ls,,-8.392810822,-15.61178398,,,,,,,,,,,,,121.7
73,Temple Lake,TLM,,,,,,C8_115.1_white,115.1,sandy tan crystalline limestone,,,sandy limestone,sandy limestone,sandy ls,sandy tan crystalline limestone,-8.483319283,-15.27438736,7.936083154,2.724317112,15.62806046,0.191528123,1.192034563,0.008123296,7.643153553,0.588170969,1.936484399,0.3640146,0.016464893,0.151817979,121.89999999999999
74,Temple Lake,TLM,,,,,,C8_115.1_purple,115.1,sandy pink crystalline limestone,,,sandy limestone,,sandy ls,,-8.460116386,-15.12555599,,,,,,,,,,,,,121.89999999999999
75,Temple Lake,TLM,,,,,,C8_115.5,115.5,sandy pink crystalline limestone,,,sandy limestone,,sandy ls,,-8.459472656,-15.25253201,,,,,,,,,,,,,122.3
76,Temple Lake,TLM,,,,,,C8_116.1,116.1,sandy pink crystalline limestone,,,sandy limestone,,sandy ls,,-8.401789665,-15.35275841,,,,,,,,,,,,,122.89999999999999
77,Temple Lake,TLM,,,,,,C8_116.4,116.4,sandy pink crystalline limestone,,,sandy limestone,,sandy ls,,-8.490049362,-15.23894405,,,,,,,,,,,,,123.2
78,Temple Lake,TLM,,,,,,C8_117.5,117.5,sandy pink crystalline limestone,,,sandy limestone,,sandy ls,,-8.510773659,-15.18965721,,,,,,,,,,,,,124.3
79,Temple Lake,TLM,,,,,,C8_117.8,117.8,sandy grainstone,,,sandy limestone,,sandy ls,,-8.287774086,-15.2156601,,,,,,,,,,,,,124.6
80,Temple Lake,TLM,,,,,,C8_118.4,118.4,sandy tan crystalline limestone,,,sandy limestone,,sandy ls,,-8.378112793,-15.11946678,,,,,,,,,,,,,125.2
81,Temple Lake,TLM,,,,,,C8_119.8,119.8,sandy tan crystalline limestone,,,sandy limestone,sandy limestone,sandy ls,sandy tan crystalline limestone,-8.261930466,-15.12695885,16.55380347,2.577439985,12.94559922,0.450721755,2.069145376,0.25098285,6.418751086,1.920369344,3.244807703,0.415629942,0.028473818,0.510254105,126.6
82,Temple Lake,TLM,,,,,,C8_120.7,120.7,sandy pink crystalline limestone,,,sandy limestone,,sandy ls,,-8.336723328,-14.4634552,,,,,,,,,,,,,127.5
83,Temple Lake,TLM,,,,,,C8_122.2,122.2,sandy pink crystalline limestone,,,sandy limestone,,sandy ls,,-8.207653046,-14.80610752,,,,,,,,,,,,,129.0
84,Temple Lake,TLM,,,,,,C8_123.2,123.2,sandy pink crystalline limestone,,,sandy limestone,,sandy ls,,-8.123065948,-14.89665222,,,,,,,,,,,,,130.0
85,Temple Lake,TLM,,,,,,C8_124.1,124.1,sandy pink crystalline limestone,,,sandy limestone,,sandy ls,,-7.993663788,-15.12212563,,,,,,,,,,,,,130.9
86,Temple Lake,TLM,,,,,,C8_125.1,125.1,green crystalline limestone,,,crystalline limestone,,ls,,-8.152258873,-15.01178265,,,,,,,,,,,,,131.9
87,Temple Lake,TLM,,,,,,C8_126.1,126.1,green crystalline limestone,,,crystalline limestone,,ls,,-8.065942764,-15.19406128,,,,,,,,,,,,,132.9
88,Temple Lake,TLM,,,,,,C8_127.1,127.1,green crystalline limestone,,,crystalline limestone,,ls,,-7.882169724,-14.8342371,,,,,,,,,,,,,133.9
89,Temple Lake,TLM,,,,,,C8_128.1,128.1,green crystalline limestone,,,crystalline limestone,crystalline limestone,ls,green crystalline limestone,-7.822883606,-14.91936302,12.51654993,0.429312983,11.25496789,0.104271529,0.542085583,-0.018225651,3.260000135,0.324948385,0.93581598,0.327869378,0.002695549,0.506169233,134.9
90,Temple Lake,TLM,,,,,,C8_129.1,129.1,green crystalline limestone,,,crystalline limestone,,ls,,-8.015338898,-15.13580608,,,,,,,,,,,,,135.9
91,Temple Lake,TLM,,,,,,C8_130.1,130.1,green crystalline limestone,,,crystalline limestone,,ls,,-9.081008911,-15.19088364,,,,,,,,,,,,,136.9
92,Wolverine,TLM,12.6,siliciclastic,mudstone[sandstone],,,C13_96.4,96.4,sandy crystalline limestone with microcrystalline dolomite,,mudstone,sandy dolostone,sandy dolostone,dol,sandy crystalline limestone with microcrystalline dolomite,-11.88236046,-14.77553558,27.43204182,2.874554419,13.4191449,0.602456613,-0.506767853,0.245535909,15.72848552,1.736167281,0.581379382,0.412875477,0.049431283,0.52702517,54.78
93,Wolverine,TLM,7.0,cover,cover,,,C13_96.5,96.5,sandy crystalline limestone ribbonite,,cover,ls mudstone,ls mudstone,ls,sandy crystalline limestone ribbonite,-12.1254425,-14.80136585,34.8458856,2.689073101,14.53599583,0.712523105,0.187596465,0.02465012,14.96645149,2.215015589,0.039590197,0.560101368,0.028882572,0.459321449,54.92499999999998
94,Wolverine,TLM,14.0,siliciclastic,mudstone[sandstone],,,C13_96.6,96.6,sandy crystalline limestone ribbonite,,mudstone,ls mudstone,ls mudstone,ls,sandy crystalline limestone ribbonite,-11.89342976,-14.76557732,23.97718082,2.421824503,12.41700164,0.56935271,0.145536611,0.098974563,11.81467935,1.502848498,0.037448075,0.499663975,0.01603917,0.417364061,55.06999999999999
95,Wolverine,TLM,62.5,siliciclastic,purple siltstone[sandstone],,green redox laminations,C13_97.0,97.0,sandy crystalline limestone,,siltstone,sandy limestone,sandy limestone,sandy ls,sandy crystalline limestone,-12.11106014,-15.38822269,9.242734309,1.708957192,11.5625414,0.406335664,0.285205065,0.588246956,12.31125773,1.076326404,0.059673164,0.531968779,0.053624828,0.725902158,55.650000000000006
96,Wolverine,TLM,0.25,limestone,carbonate breccia,,ICT,C13_108.8,108.8,grey laminated crystalline limestone,,carbonate breccia,crystalline limestone,crystalline limestone,ls,grey laminated crystalline limestone,-12.59484482,-16.17363167,66.48167524,9.584863021,15.0111225,2.084677458,3.829234994,0.609068427,24.2763,3.627708162,0.983037555,0.803224377,0.474862371,0.203181546,72.75999999999999
97,Wolverine,TLM,0.85,limestone,purple siltstone[intraclast carbonate breccia],,ICT,C13_111.5,111.5,sandy grainstone,,siltstone-intraclast carbonate breccia couplets,sandy limestone,sandy limestone,sandy ls,sandy grainstone,-11.29035187,-16.04961967,210.7654015,20.00905313,33.34295368,15.05880671,59.76799651,0.590821369,23.20845497,37.87543497,79.97081682,1.039982972,1.968709592,0.669501236,76.67499999999998
98,Wolverine,TLM,26.9,limestone,purple siltstone[silty grainstone],,,C13_111.8,111.8,sandy pink crystalline limestone,,silty limestone,sandy limestone,sandy limestone,sandy ls,sandy pink crystalline limestone,-12.4971714,-16.38692474,50.63387684,9.737223226,23.50951261,2.481114475,2.542905344,1.509397766,24.15257982,3.201859193,0.614288963,0.680553882,0.378523263,0.702936033,77.10999999999999
99,Wolverine,TLM,0.5,limestone,carbonate breccia,,ICT,C13_112.1,112.1,sandy pink crystalline limestone,,carbonate breccia,sandy limestone,sandy limestone,sandy ls,sandy pink crystalline limestone,-12.16679192,-16.0504303,37.31615155,8.602311603,13.55433904,2.064032461,4.026636525,33.96965614,27.19077961,1.975197746,1.02131087,0.609044939,0.200659585,7.14226097,77.54499999999999
100,Wolverine,TLM,4.3,limestone,purple siltstone[silty grainstone],,,C13_112.6,112.6,sandy grey laminated crystalline limestone,,silty limestone,sandy limestone,sandy limestone,sandy ls,sandy grey laminated crystalline limestone,-10.31417084,-15.05315685,235.0428453,13.92935607,30.75741517,16.24000316,22.85076025,3.803896453,21.05794193,1.364176163,5.166360399,1.933594824,3.55551269,1.034389169,78.26999999999998
101,Wolverine,TLM,0.7,limestone,purple siltstone – grainstone ribbonite,,ribbonite,C13_113.4,113.4,sandy grey laminated crystalline limestone,,limestone-siltstone rhythmite,sandy limestone,sandy limestone,sandy ls,sandy grey laminated crystalline limestone,-11.9162178,-15.78307343,25.46326001,11.20140792,17.55208294,1.893194989,1.402080668,0.037129044,31.47392205,1.345701711,0.335777064,0.607269951,0.336399172,0.176174868,79.43
102,Wolverine,TLM,1.5,siliciclastic,green siltstone,,,C13_116.9,116.9,sandy grey laminated crystalline limestone,,siltstone,sandy limestone,sandy limestone,sandy ls,sandy grey laminated crystalline limestone,-9.091796875,-15.48183632,33.69200585,1.428771333,17.92325764,0.970269938,-0.601144455,0.187445158,15.20118567,4.911121751,0.820711404,0.508752343,0.042300103,0.829492113,84.505
103,Wolverine,TLM,0.8,limestone,purple siltstone – grainstone ribbonite,,ribbonite,C13_117.2,117.2,sandy grainstone,,limestone-siltstone rhythmite,sandy limestone,sandy limestone,sandy ls,sandy grainstone,-10.24787903,-15.84922314,250.7713748,14.90220249,32.80660919,14.6316717,39.69399597,3.12223611,19.6907843,0.742825709,9.182719741,0.872050168,2.630091978,1.102713835,84.94
104,Wolverine,TLM,2.0,siliciclastic,green siltstone,,,C13_117.6,117.6,sandy grainstone,,siltstone,sandy limestone,sandy limestone,sandy ls,sandy grainstone,-10.08938789,-15.52910233,363.6335879,30.6523593,39.34190642,16.70206025,62.41981,4.341754177,23.10588356,0.908530973,14.19512798,0.647512616,2.443659089,1.309926839,85.51999999999998
105,Wolverine,TLM,2.4,limestone,purple siltstone – grainstone ribbonite,,ribbonite,C13_123.9,123.9,sandy grainstone,,limestone-siltstone rhythmite,sandy limestone,sandy limestone,sandy ls,sandy grainstone,-9.608205795,-16.17721939,156.2486414,9.632854871,26.53368409,7.220536938,14.45591077,0.72456469,16.78716448,0.347642349,3.337054287,0.436501015,1.384555951,0.4945858,94.655
106,Wolverine,TLM,0.1,limestone,green siltstone[intraclast carbonate breccia],,,C13_124.0,124.0,grey crystalline limestone,,siltstone-intraclast carbonate breccia couplets,crystalline limestone,crystalline limestone,ls,grey crystalline limestone,-9.44181633,-13.28641415,35.30568355,1.671096121,11.44278297,0.818093587,0.268571555,0.080992337,12.332897,1.410353699,0.071275194,0.302208716,0.042916352,0.244004422,94.79999999999998
107,Wolverine,TLM,6.5,limestone,green siltstone – grainstone ribbonite,,ribbonite,C13_127.9,127.9,sandy pink crystalline limestone,,limestone-siltstone rhythmite,sandy limestone,sandy limestone,sandy ls,sandy pink crystalline limestone,-8.887661934,-14.1134243,24.23509673,3.683196549,12.85817715,0.617967766,-0.215382153,0.424743785,9.343590638,1.506403223,1.269108717,0.352786677,0.066985193,0.128089324,100.45500000000001
108,Wolverine,TLM,0.6,limestone,carbonate breccia,,ICT,C13_129.1,129.1,pink crystalline limestone,,carbonate breccia,crystalline limestone,crystalline limestone,ls,pink crystalline limestone,-7.892449379,-13.80066681,13.22179593,1.2623811,16.58798014,0.324485275,0.217557787,0.636541433,6.754810816,0.484851988,0.052649273,0.346956543,0.005910557,0.175679808,102.195
109,Wolverine,TLM,5.6,limestone,green siltstone – grainstone ribbonite,,ribbonite,C13_129.3,129.3,sandy pink crystalline limestone,,limestone-siltstone rhythmite,sandy limestone,sandy limestone,sandy ls,sandy pink crystalline limestone,-7.89498806,-14.14472675,17.19012087,1.383407027,19.80686052,0.452975805,0.371753836,0.904832916,7.645722504,0.990840854,0.080678331,0.345586424,0.034113962,0.31245894,102.48500000000001
110,Wolverine,TLM,0.2,limestone,carbonate breccia,,,C13_129.4,129.4,green and pink crystalline limestone,,carbonate breccia,crystalline limestone,crystalline limestone,ls,green and pink crystalline limestone,-8.703214645,-14.06513882,21.02462502,1.945765119,12.88549224,0.282635876,0.341583721,0.028539493,11.90308025,0.442011461,0.08143419,0.308873938,0.026915664,0.23083846,102.63
111,Wolverine,TLM,7.0,limestone,green siltstone – grainstone ribbonite,,ribbonite,C13_129.5,129.5,grey crystalline limestone,,limestone-siltstone rhythmite,crystalline limestone,crystalline limestone,ls,grey crystalline limestone,-9.139353752,-14.42966366,29.31862842,1.313148707,13.15588152,0.642428984,0.344642425,0.175956047,13.73637963,1.424065414,0.080153128,0.305896678,0.025657503,0.488714802,102.775
112,Wolverine,TLM,4.0,siliciclastic,mudstone,,,C13_129.7,129.7,grey crystalline limestone,,mudstone,crystalline limestone,crystalline limestone,ls,grey crystalline limestone,-8.825228691,-14.23236942,36.79585234,2.340743189,17.28037419,1.156902726,-0.490749962,0.222512057,11.60005261,1.877220519,1.062183881,0.39720232,0.029422519,0.432860431,103.06499999999997
113,Wolverine,TLM,,,,,,C13_130.7,130.7,grey crystalline limestone,,,crystalline limestone,,ls,,-9.251741409,-15.37821579,,,,,,,,,,,,,104.51499999999999
114,Wolverine,TLM,,,,,,C13_131.9,131.9,pink and grey crystalline limestone,,,crystalline limestone,,ls,,-8.946437836,-14.86901569,,,,,,,,,,,,,106.255
115,Wolverine,TLM,,,,,,C13_134.2,134.2,pink and grey laminated crystalline limestone,,,crystalline limestone,,ls,,-8.685874939,-14.61613941,,,,,,,,,,,,,109.58999999999997
116,Wolverine,TLM,,,,,,C13_134.4,134.4,pink and grey laminated crystalline limestone,,,crystalline limestone,,ls,,-8.570881844,-14.46089554,,,,,,,,,,,,,109.88
117,Wolverine,TLM,,,,,,C13_134.7,134.7,pink and grey laminated crystalline limestone,,,crystalline limestone,crystalline limestone,ls,pink and grey laminated crystalline limestone,-8.633471489,-14.74773026,25.7689418,2.119804547,17.83339764,0.410096381,0.243677323,0.362930688,11.89351122,1.917873253,1.334263619,0.486744552,0.011064971,0.225375879,110.31499999999997
118,Wolverine,TLM,,,,,,C13_136.1,136.1,pink laminated crystalline limestone,,,crystalline limestone,,ls,,-8.701389313,-14.95705223,,,,,,,,,,,,,112.345
119,Wolverine,TLM,,,,,,C13_136.4,136.4,pink laminated crystalline limestone,,,crystalline limestone,,ls,,-8.398835182,-14.17718983,,,,,,,,,,,,,112.78
120,Wolverine,TLM,,,,,,C13_136.5,136.5,pink and grey laminated crystalline limestone,,,crystalline limestone,,ls,,-8.430239677,-14.63808823,,,,,,,,,,,,,112.92499999999998
121,Wolverine,TLM,,,,,,C13_137.7,137.7,grey crystalline limestone,,,crystalline limestone,,ls,,-8.310832977,-14.19324112,,,,,,,,,,,,,114.66499999999996
122,Wolverine,TLM,,,,,,C13_138.6,138.6,grey crystalline limestone,,,crystalline limestone,crystalline limestone,ls,grey crystalline limestone,-8.786952972,-14.62822533,31.01632744,2.165200617,17.89838046,0.917625307,-0.255633819,0.212007675,24.72657251,5.156999715,1.13031593,0.485232918,0.055456141,1.257386719,115.97
123,Wolverine,TLM,,,,,,C13_141.9,141.9,grey crystalline limestone,,,crystalline limestone,,ls,,-8.401864052,-14.5970602,,,,,,,,,,,,,120.755
124,Wolverine,TLM,,,,,,C13_142.4,142.4,grey crystalline limestone,,,crystalline limestone,,ls,,-8.348160744,-14.57624626,,,,,,,,,,,,,121.47999999999999
125,Wolverine,TLM,,,,,,C13_142.5,142.5,grey crystalline limestone,,,crystalline limestone,,ls,,-8.324687958,-14.63748932,,,,,,,,,,,,,121.625
126,Wolverine,TLM,,,,,,C13_142.7,142.7,grey crystalline limestone,,,crystalline limestone,,ls,,-9.342161179,-15.36583328,,,,,,,,,,,,,121.91499999999996
127,Wolverine,TLM,,,,,,C13_144.6,144.6,grey crystalline ls mudstone,,,crystalline limestone,crystalline limestone,ls,grey crystalline ls mudstone,-8.023418427,-14.33851433,44.49281186,1.156468789,16.20071814,0.646986561,-0.036543586,0.211172779,8.397345252,3.20410931,0.933877787,0.376542904,0.011575474,0.721459183,124.66999999999999
128,Wolverine,TLM,,,,,,C13_145.2,145.2,grey crystalline limestone,,,crystalline limestone,,ls,,-8.316250801,-14.69435692,,,,,,,,,,,,,125.53999999999996
129,Wolverine,TLM,,,,,,C13_145.7,145.7,grey crystalline limestone,,,crystalline limestone,,ls,,-7.862681866,-14.23332405,,,,,,,,,,,,,126.26499999999999
130,Wolverine,TLM,,,,,,C13_145.9,145.9,grey crystalline limestone,,,crystalline limestone,,ls,,-8.122163773,-14.39114094,,,,,,,,,,,,,126.555
131,Wolverine,TLM,,,,,,C13_146.7,146.7,grey crystalline limestone,,,crystalline limestone,,ls,,-7.776453495,-14.10537529,,,,,,,,,,,,,127.71499999999997
132,Wolverine,TLM,,,,,,C13_147.2,147.2,grey crystalline limestone,,,crystalline limestone,crystalline limestone,ls,grey crystalline limestone,-7.817760468,-13.96443748,19.55064786,1.624217725,13.52479111,0.487723582,-0.168775971,0.260895181,5.518815562,2.801965755,0.86909481,0.33547538,0.017423562,0.256127229,128.43999999999997
133,Wolverine,TLM,,,,,,C13_147.6,147.6,grey crystalline limestone,,,crystalline limestone,,ls,,-7.962892532,-14.19289875,,,,,,,,,,,,,129.01999999999998
134,Wolverine,TLM,,,,,,C13_148.6,148.6,grey crystalline limestone,,,crystalline limestone,,ls,,-7.999038219,-14.2289772,,,,,,,,,,,,,130.47
135,Wolverine,TLM,,,,,,C13_151.4,151.4,grey crystalline limestone,,,crystalline limestone,,ls,,-8.362184525,-14.13702679,,,,,,,,,,,,,134.53
136,Wolverine,TLM,,,,,,C13_151.6,151.6,grey crystalline limestone,,,crystalline limestone,,ls,,-8.540672302,-14.44024849,,,,,,,,,,,,,134.82
137,Wolverine,TLM,,,,,,C13_151.8,151.8,grey crystalline limestone,,,crystalline limestone,crystalline limestone,ls,grey crystalline limestone,-8.566747665,-14.09566212,48.97379149,1.686121425,16.2682979,0.94364454,-0.048492125,0.196614734,6.923378575,5.605140611,1.31615323,0.383730804,0.030136599,1.987132614,135.11
138,Wolverine,TLM,,,,,,C13_152.0,152.0,grey crystalline limestone,,,crystalline limestone,,ls,,-8.685141563,-14.1651907,,,,,,,,,,,,,135.4
139,Wolverine,TLM,,,,,,C13_152.6,152.6,grey crystalline limestone,,,crystalline limestone,,ls,,-8.587304115,-13.90558243,,,,,,,,,,,,,136.26999999999998
140,Wolverine,TLM,,,,,,C13_152.9,152.9,grey crystalline limestone,,,crystalline limestone,,ls,,-8.909692764,-14.08459568,,,,,,,,,,,,,136.705
141,Wolverine,TLM,,,,,,C13_153.2,153.2,grey crystalline limestone,,,crystalline limestone,,ls,,-8.714830399,-13.7983408,,,,,,,,,,,,,137.14
142,Wolverine,TLM,,,,,,C13_153.6,153.6,grey crystalline limestone,,,crystalline limestone,crystalline limestone,ls,grey crystalline limestone,-8.116005898,-14.31684113,57.70918641,1.786792939,19.84652623,0.935058655,0.70310914,0.374652045,5.81913054,5.04477888,1.878873685,0.430021286,0.021668691,1.222137171,137.72
143,Wolverine,TLM,,,,,,C13_153.9,153.9,grey crystalline limestone,,,crystalline limestone,,ls,,-8.694885254,-13.84189224,,,,,,,,,,,,,138.155
144,Wolverine,TLM,,,,,,C13_154.2,154.2,grey crystalline limestone,,,crystalline limestone,,ls,,-8.307235718,-14.65975285,,,,,,,,,,,,,138.58999999999997
145,Wolverine,TLM,,,,,,C13_154.5,154.5,grey crystalline limestone,,,crystalline limestone,,ls,,-8.451450348,-14.36815834,,,,,,,,,,,,,139.025
146,Wolverine,TLM,,,,,,C13_154.8,154.8,grey crystalline limestone,,,crystalline limestone,,ls,,-8.031443596,-13.89436531,,,,,,,,,,,,,139.46
147,Wolverine,TLM,,,,,,C13_155.8,155.8,grey crystalline limestone,,,crystalline limestone,crystalline limestone,ls,grey crystalline limestone,-8.459716797,-14.01925182,28.51066063,0.856989024,18.33488009,0.324805859,0.342131203,0.109395328,7.822616417,4.927546079,0.964956366,0.420182724,0.006135562,3.366190319,140.91
148,Wolverine,TLM,,,,,,C13_156.0,156.0,grey crystalline limestone,,,crystalline limestone,,ls,,-8.44934082,-14.11309624,,,,,,,,,,,,,141.2
149,Wolverine,TLM,,,,,,C13_156.2,156.2,grey crystalline limestone,,,crystalline limestone,,ls,,-8.296068192,-14.166008,,,,,,,,,,,,,141.48999999999998
150,Wolverine,TLM,,,,,,C13_156.4,156.4,grey crystalline limestone,,,crystalline limestone,,ls,,-8.007547379,-13.5799942,,,,,,,,,,,,,141.78
151,GSM Type 1,TLM,16.9,siliciclastic,red grainstone[siltstone] rhythmite,,breccia lenses,C1_138.5,138.5,dolostone,,limestone-siltstone rhythmite,dolostone,dolostone,dol,dolostone,-11.13208008,-14.97642803,80.26491355,18.59357833,696.6716174,1.52009723,12.84834302,0.673146685,33.8485358,80.71242935,3.399844793,0.87873449,0.117421269,0.178230205,36.299999999999955
152,GSM Type 1,TLM,10.4,limestone,green grainstone[siltstone] rhythmite,,pyrite,C1_141.5,141.5,dolostone,,limestone-siltstone rhythmite,dolostone,dolostone,dol,dolostone,-10.82213211,-14.51097012,24.85517825,16.63243841,696.7977686,1.434306142,5.501481703,0.714541227,31.87843315,161.0768763,1.468020603,0.842175234,0.133346845,0.246009756,47.69999999999993
153,GSM Type 1,TLM,1.5,limestone,grainstone[micrite],,,C1_142.3,142.3,dolostone,,crystalline limestone,dolostone,dolostone,dol,dolostone,-10.79892349,-14.85731697,49.05622212,24.78479689,699.2967065,1.565565859,9.862716865,0.540041037,32.13696418,77.65106337,2.631018441,0.852323885,0.150735006,0.392867603,50.74000000000001
154,GSM Type 1,TLM,3.7,siliciclastic,black shale[authigenic carbonate nodules],,authigenic nodules,C1_142.8,142.8,dolostone,,shale,dolostone,dolostone,dol,dolostone,-10.95125675,-14.6684618,30.62320392,18.31528759,692.7731209,1.488263177,6.790428542,0.076142965,31.93918979,166.870286,1.85660891,0.848947036,0.088889011,0.169167525,52.639999999999986
155,GSM Type 1,TLM,2.8,limestone,carbonate breccia,,,C1_143.6,143.6,dolostone,,carbonate breccia,dolostone,dolostone,dol,dolostone,-11.20570087,-14.8111763,41.33126443,8.443377808,545.5145107,0.506428498,8.555431429,0.161026015,25.61582767,108.5847984,2.259736255,0.807199757,0.04365146,0.150670792,55.67999999999995
156,GSM Type 1,TLM,8.35,siliciclastic,siltstone[red grainstone],,,C1_144.2,144.2,dolostone,,limestone-siltstone rhythmite,dolostone,dolostone,dol,dolostone,-11.04202271,-15.07362175,23.08269507,11.27274519,423.8333885,0.268084387,2.715576471,0.267820381,21.79345204,47.37529602,0.735109514,0.821883725,0.058658372,0.741949905,57.95999999999992
157,GSM Type 1,TLM,,,,,,C1_147.9,147.9,dolostone,,,dolostone,dolostone,dol,dolostone,-10.86657715,-14.93898678,28.34249042,5.223576772,342.2293533,0.476651799,3.965440522,0.14607583,15.33893833,61.09082777,1.019381385,0.846897951,0.201867185,0.248349726,72.01999999999998
158,GSM Type 1,TLM,,,,,,C1_148.5,148.5,sandy grainstone,,,sandy limestone,sandy limestone,sandy ls,sandy grainstone,-10.82417488,-15.64120865,21.99603367,6.184654925,147.1844376,2.026436714,9.319573068,0.426356353,9.199408615,38.59941208,2.259130385,0.754762235,0.535749561,0.202477161,74.29999999999995
159,GSM Type 1,TLM,,,,,,C1_149.0,149.0,sandy grainstone,,,sandy limestone,sandy limestone,sandy ls,sandy grainstone,-10.94159889,-15.43615055,41.70566656,13.77355811,188.1691061,3.519187519,16.22381073,0.149417606,9.993072347,40.86710782,3.616755466,0.778511469,1.123057911,0.267799448,76.19999999999993
160,GSM Type 1,TLM,,,,,,C1_150.0,150.0,sandy grainstone,,,sandy limestone,sandy limestone,sandy ls,sandy grainstone,-10.9717865,-15.2862587,37.08758205,6.098329087,291.9891358,4.031450547,15.72573159,0.375098923,11.77334727,67.61571643,3.82594176,0.758634491,0.611014169,0.23688086,80.0
161,GSM Type 1,TLM,,,,,,C1_151.0,151.0,sandy pink crystalline limestone,,,sandy limestone,sandy limestone,sandy ls,sandy pink crystalline limestone,-10.06974697,-15.83237648,4.780538558,2.912611337,12.77548502,0.28825445,0.643509506,0.037678854,4.756667613,3.655736533,0.182821803,0.578274809,0.035101446,0.213017732,83.79999999999995
162,GSM Type 1,TLM,,,,,,C1_152.5,152.5,sandy pink crystalline limestone,,,sandy limestone,sandy limestone,sandy ls,sandy pink crystalline limestone,-10.24826622,-15.69876194,3.207540444,12.81169738,14.719949,0.518481151,0.747201222,0.15260471,4.49206193,6.357788415,0.179762019,0.712989727,0.086511769,0.129295543,89.5
163,GSM Type 1,TLM,,,,,,C1_153.4,153.4,dolostone,,,dolostone,dolostone,dol,dolostone,-11.23564911,-14.73853111,18.20107723,3.575622905,517.3619611,0.563134974,4.901318653,0.103892389,15.31206694,107.745059,1.197764162,0.798481704,0.083244059,0.107786728,92.91999999999996
164,GSM Type 1,TLM,,,,,,C1_155.0,155.0,sandy pink crystalline limestone,,,sandy limestone,sandy limestone,sandy ls,sandy pink crystalline limestone,-9.781411171,-15.93054485,3.788807828,2.700529381,16.54870602,0.235214865,0.697328086,0.055948848,4.240763333,5.254775401,0.181352705,0.549540457,0.049691789,0.086075721,99.0
165,GSM Type 1,TLM,,,,,,C1_155.4,155.4,sandy pink crystalline limestone,,,sandy limestone,sandy limestone,sandy ls,sandy pink crystalline limestone,-10.06463814,-15.76416588,25.10157275,3.71130905,59.03254801,1.584487895,6.131209609,0.118116107,4.393089873,16.78441996,1.465766419,0.662886743,0.215487465,0.115384693,100.51999999999998
166,GSM Type 1,TLM,,,,,,C1_156.0,156.0,pink crystalline limestone,,,crystalline limestone,crystalline limestone,ls,pink crystalline limestone,-9.303689957,-15.76877022,6.693678769,3.045015531,14.59705414,0.145287325,0.883663126,0.07571971,3.476444309,0.665278996,0.232137367,0.511675013,0.003102971,0.111888316,102.79999999999995
167,GSM Type 1,TLM,,,,,,C1_157.0,157.0,sandy pink crystalline limestone,,,sandy limestone,sandy limestone,sandy ls,sandy pink crystalline limestone,-9.024132729,-15.80631161,5.381026135,1.671695242,12.00178946,0.357052824,1.258216691,0.0877938,3.258697782,3.556410106,0.321886075,0.456187722,0.04133668,0.20145901,106.60000000000002
168,GSM Type 1,TLM,,,,,,C1_157.5,157.5,sandy green crystalline limestone,,,sandy limestone,sandy limestone,sandy ls,sandy green crystalline limestone,-9.033914566,-15.78957272,25.81957895,1.356157668,10.93050833,0.113578671,1.256023354,0.033427237,3.511293921,2.557174083,0.298345827,0.496957813,0.008289956,0.414888996,108.5
169,GSM Type 1,TLM,,,,,,C1_158.0,158.0,green crystalline limestone,,,crystalline limestone,crystalline limestone,ls,green crystalline limestone,-8.835751534,-15.81721783,8.086788752,1.238244383,11.38950203,0.091140008,0.551792022,0.013610163,2.585731526,1.069423192,0.134709694,0.548662398,0.022840722,0.266797847,110.39999999999998
170,GSM Type 1,TLM,,,,,,C1_158.5,158.5,green crystalline limestone,,,crystalline limestone,crystalline limestone,ls,green crystalline limestone,-8.74762249,-15.74120235,13.84006328,1.165022709,12.55828032,0.13356972,0.480465835,0.037883626,2.389145151,2.058555128,0.11928283,0.525354081,0.017425418,0.169256783,112.29999999999995
171,GSM Type 1,TLM,,,,,,C1_159.0,159.0,green and pink crystalline limestone,,,crystalline limestone,crystalline limestone,ls,green and pink crystalline limestone,-8.526940346,-15.84171867,15.14497194,1.227792663,10.79978413,0.510702208,0.730234809,0.086011582,2.220800576,4.016370146,0.168414362,0.362244465,0.045467974,0.145143648,114.19999999999993
172,GSM Type 1,TLM,,,,,,C1_159.5,159.5,green and pink crystalline limestone,,,crystalline limestone,crystalline limestone,ls,green and pink crystalline limestone,-8.715175629,-15.69595814,4.56395519,0.927532898,9.53008216,0.22385704,0.874986528,0.075213415,2.064351121,3.127729308,0.189909212,0.45066218,0.02994259,0.193295084,116.10000000000002
173,GSM Type 1,TLM,,,,,,C1_160.0,160.0,green and pink crystalline limestone,,,crystalline limestone,crystalline limestone,ls,green and pink crystalline limestone,-8.466317177,-15.75385571,15.57556079,1.340885132,13.20394726,0.3506937,0.972554411,0.010650658,1.899412344,3.414019327,0.24164516,0.35934604,0.025633723,0.167785797,118.0
174,GSM Type 1,TLM,,,,,,C1_160.5,160.5,green and pink crystalline limestone,,,crystalline limestone,crystalline limestone,ls,green and pink crystalline limestone,-8.282411575,-15.74932671,8.510629855,0.758247867,12.01830437,0.168191972,0.570289902,0.070081466,1.688069346,3.423838538,0.119259408,0.333696994,0.016823357,0.41423286,119.89999999999998
175,GSM Type 1,TLM,,,,,,C1_161.0,161.0,green and pink crystalline limestone,,,crystalline limestone,crystalline limestone,ls,green and pink crystalline limestone,-8.137392998,-15.64827347,13.54645644,1.313733953,18.46454672,0.137657479,1.232828277,0.083191212,1.900492207,6.440924507,0.281043528,0.335272706,0.008572447,0.46726816,121.79999999999995
176,GSM Type 1,TLM,,,,,,C1_161.5,161.5,green and pink crystalline limestone,sulfides,,crystalline limestone,crystalline limestone,ls,green and pink crystalline limestone,-8.004037857,-15.59307384,4.273499526,0.755955414,12.30889152,0.190625333,0.657131642,0.090417522,1.761123161,6.080976231,0.147129352,0.336659176,0.036649012,0.603589022,123.69999999999993
177,GSM Type 1,TLM,,,,,,C1_162.0,162.0,green and pink crystalline limestone,,,crystalline limestone,crystalline limestone,ls,green and pink crystalline limestone,-7.997822762,-15.62264633,6.243932068,0.970227562,14.73403813,0.129497142,0.71937435,0.050687772,1.785086505,5.185822238,0.159068455,0.322733157,0.015629427,0.222390963,125.60000000000002
178,GSM Type 1,TLM,,,,,,C1_162.5,162.5,green and pink crystalline limestone,,,crystalline limestone,crystalline limestone,ls,green and pink crystalline limestone,-7.98462677,-15.72000313,11.99096257,1.086129749,18.12314914,0.32120446,1.094125846,0.076829041,1.826700064,7.832976629,0.240091001,0.308408545,0.037439031,0.238503976,127.5
179,GSM Type 1,TLM,,,,,,C1_163.0,163.0,green and pink crystalline limestone,,,crystalline limestone,crystalline limestone,ls,green and pink crystalline limestone,-7.984471321,-15.6264801,6.30770816,1.09778352,13.71755104,0.35380105,1.020594,0.06995554,1.71747082,4.553759528,0.227765745,0.341852152,0.052992132,0.729596443,129.39999999999998
180,GSM Type 1,TLM,,,,,,C1_163.5,163.5,green and pink crystalline limestone,,,crystalline limestone,crystalline limestone,ls,green and pink crystalline limestone,-8.045088768,-15.57610321,26.64194825,1.19931639,44.72127335,0.828541018,2.496047228,0.025681068,2.402981625,13.19856951,0.507798707,0.298670903,0.065504118,0.443278012,131.29999999999995
181,GSM Type 1,TLM,,,,,,C1_164.0,164.0,green and pink crystalline limestone,,,crystalline limestone,crystalline limestone,ls,green and pink crystalline limestone,-7.826013088,-15.86332893,18.69641375,0.568163079,10.09929004,0.317910096,0.95554381,0.058814646,2.081797234,2.818742976,0.197159567,0.311267074,0.018357782,0.26756061,133.19999999999993
182,GSM Type 1,TLM,,,,,,C1_164.5,164.5,green and pink crystalline limestone,,,crystalline limestone,crystalline limestone,ls,green and pink crystalline limestone,-8.658717155,-14.52880859,119.8125427,6.951802021,379.1552451,3.632842291,14.9768953,0.038165357,6.411792447,97.47575038,3.20781065,0.436837054,0.180194247,0.522044182,135.10000000000002
183,GSM Type 1,TLM,,,,,,C1_165.0,165.0,grey crystalline limestone,,,crystalline limestone,crystalline limestone,ls,grey crystalline limestone,-7.599073887,-15.80164146,16.90569201,0.605383472,13.93689676,0.549655656,1.090077546,0.542047434,2.157821831,2.876158908,0.241189126,0.36667063,0.063025534,4.479580728,137.0
184,GSM Type 1,TLM,,,,,,C1_165.5,165.5,grey crystalline limestone,,,crystalline limestone,crystalline limestone,ls,grey crystalline limestone,-7.899730682,-15.97568226,25.58792001,0.390723315,16.56877234,0.175102138,0.758361561,0.05070414,4.09067023,3.095235035,0.164238123,0.52251938,0.005175842,4.116132117,138.89999999999998
185,GSM Type 1,TLM,,,,,,C1_166.0,166.0,sandy grey crystalline limestone,,,sandy limestone,sandy limestone,sandy ls,sandy grey crystalline limestone,-9.395406723,-14.45478535,783.200841,39.51582609,706.7264345,29.36098306,82.10448945,0.236650955,23.67955414,145.8233017,17.19776142,0.806101402,0.751856853,2.245764061,140.79999999999995
186,GSM Type 2,TLM,12.4,siliciclastic,rippled siltstone[red grainstone],,ripples,C1_195.2,195.2,grey crystalline limestone,,limestone-siltstone rhythmite,crystalline limestone,,ls,,-7.466440201,-15.7895174,,,,,,,,,,,,,132.84000000000015
187,GSM Type 2,TLM,4.0,siliciclastic,siltstone[red grainstone],,,C1_196.0,196.0,grey crystalline limestone,,limestone-siltstone rhythmite,crystalline limestone,,ls,,-7.986110687,-15.98182583,,,,,,,,,,,,,128.20000000000005
188,GSM Type 2,TLM,4.9,siliciclastic,siltstone[red grainstone],FUS,,C1_197.0,197.0,grey crystalline limestone,sulfides,limestone-siltstone rhythmite,crystalline limestone,,ls,,-8.028917313,-15.95193386,,,,,,,,,,,,,122.40000000000009
189,GSM Type 2,TLM,2.2,siliciclastic,black shale[authigenic carbonate nodules],,authigenic nodules,C1_198.0,198.0,grey crystalline limestone,,shale,crystalline limestone,,ls,,-8.231097221,-15.90057278,,,,,,,,,,,,,116.60000000000014
190,GSM Type 2,TLM,2.4,limestone,carbonate breccia,,,C1_199.0,199.0,sandy grey crystalline limestone,,carbonate breccia,sandy limestone,,sandy ls,,-9.147789001,-15.80902958,,,,,,,,,,,,,110.79999999999995
191,GSM Type 2,TLM,8.35,siliciclastic,siltstone[red grainstone],,,C1_200.0,200.0,sandy pink crystalline limestone,,limestone-siltstone rhythmite,sandy limestone,,sandy ls,,-9.405069351,-15.94213581,,,,,,,,,,,,,105.0
192,GSM Type 2,TLM,,,,,,C1_201.0,201.0,sandy pink crystalline limestone,,,sandy limestone,,sandy ls,,-9.782505035,-15.9234333,,,,,,,,,,,,,99.20000000000005
193,GSM Type 2,TLM,,,,,,C1_202.0,202.0,sandy pink crystalline limestone,,,sandy limestone,,sandy ls,,-10.16243553,-16.02237892,,,,,,,,,,,,,93.40000000000009
194,GSM Type 2,TLM,,,,,,C1_203.0,203.0,sandy pink crystalline limestone,,,sandy limestone,,sandy ls,,-10.30667877,-16.05678558,,,,,,,,,,,,,87.60000000000014
195,GSM Type 2,TLM,,,,,,C1_204.5,204.5,dolostone,,,dolostone,,dol,,-11.01429558,-15.52980137,,,,,,,,,,,,,78.90000000000009
196,GSM Type 2,TLM,,,,,,C1_207.0,207.0,sandy grainstone,,,sandy limestone,,sandy ls,,-11.15846443,-15.08835316,,,,,,,,,,,,,64.40000000000009
197,GSM Type 2,TLM,,,,,,C1_208.0,208.0,sandy grainstone,,,sandy limestone,,sandy ls,,-11.20238018,-14.45842552,,,,,,,,,,,,,58.600000000000136
198,GSM Type 2,TLM,,,,,,C1_209.0,209.0,sandy grainstone,,,sandy limestone,,sandy ls,,-11.09310722,-14.80795479,,,,,,,,,,,,,52.799999999999955
199,GSM Type 3,TLM,1.0,siliciclastic,siltstone[red grainstone],,,C1_0.0,0.0,grey crystalline limestone,,limestone-siltstone rhythmite,crystalline limestone,,ls,,-7.722773075,-15.32187748,,,,,,,,,,,,,130.0
200,GSM Type 3,TLM,1.8,limestone,green grainstone[siltstone] rhythmite,,,C1_1.0,1.0,grey crystalline limestone,sulfides,limestone-siltstone rhythmite,crystalline limestone,,ls,,-8.103945732,-15.63088036,,,,,,,,,,,,,123.2
201,GSM Type 3,TLM,3.6,limestone,red grainstone[siltstone] rhythmite,,,C1_2.0,2.0,pink crystalline limestone,,limestone-siltstone rhythmite,crystalline limestone,,ls,,-8.2486763,-15.4484272,,,,,,,,,,,,,116.4
202,GSM Type 3,TLM,4.6,siliciclastic,siltstone[red grainstone],CUS,,C1_2.8,2.8,pink crystalline limestone,,limestone-siltstone rhythmite,crystalline limestone,,ls,,-8.623922348,-15.52051735,,,,,,,,,,,,,110.96000000000001
203,GSM Type 3,TLM,5.8,siliciclastic,sandstone[red grainstone; interclast carbonate breccia lenses],,breccia lenses,C1_3.0,3.0,pink crystalline limestone,,siltstone-intraclast carbonate breccia couplets,crystalline limestone,,ls,,-8.719141006,-15.54624557,,,,,,,,,,,,,109.6
204,GSM Type 3,TLM,30.5,siliciclastic,siltstone,CUS,,C1_4.0,4.0,sandy pink crystalline limestone,,siltstone,sandy limestone,,sandy ls,,-9.410453796,-15.7317028,,,,,,,,,,,,,102.8
205,GSM Type 3,TLM,4.0,cover,cover,,,C1_5.0,5.0,sandy pink crystalline limestone,,cover,sandy limestone,,sandy ls,,-10.02730846,-15.68320656,,,,,,,,,,,,,96.0
206,GSM Type 3,TLM,0.7,siliciclastic,siltstone, ,,C1_6.0,6.0,sandy pink crystalline limestone,,siltstone,sandy limestone,,sandy ls,,-10.59165764,-15.69672585,,,,,,,,,,,,,89.2
207,GSM Type 3,TLM,3.2,cover,cover,,,C1_7.0,7.0,sandy pink crystalline limestone,,cover,sandy limestone,,sandy ls,,-10.73510265,-15.68147373,,,,,,,,,,,,,82.4
208,GSM Type 3,TLM,67.6,siliciclastic,siltstone,CUS,,C1_8.0,8.0,sandy pink crystalline limestone,,siltstone,sandy limestone,,sandy ls,,-11.32091141,-14.98603249,,,,,,,,,,,,,75.6
209,GSM Type 3,TLM,15.7,siliciclastic,carbonate cemented sandstone,CUS,,C1_11.6,11.6,sandy dolostone,,sandstone,sandy dolostone,,dol,,-11.21916771,-14.90768147,,,,,,,,,,,,,51.120000000000005
210,GSM Type 4,TLM,6.6,siliciclastic,cross-bedded siltstone[red grainstone],FUS,,C2_0.0,0.0,pink crystalline limestone,,limestone-siltstone rhythmite,crystalline limestone,,ls,,-10.57814884,-15.40195084,,,,,,,,,,,,,85.0
211,GSM Type 4,TLM,11.2,limestone,green grainstone[siltstone] rhythmite,FUS,,C2_0.6,0.6,pink crystalline limestone,,limestone-siltstone rhythmite,crystalline limestone,,ls,,-10.7947731,-15.68125439,,,,,,,,,,,,,86.68
212,GSM Type 4,TLM,1.4,siliciclastic,siltstone,,,C2_1.6,1.6,pink crystalline limestone,,siltstone,crystalline limestone,,ls,,-10.70801353,-15.49519062,,,,,,,,,,,,,89.48
213,GSM Type 4,TLM,,,,,,C2_2.5,2.5,pink crystalline limestone,,,crystalline limestone,,ls,,-10.53432655,-15.92866707,,,,,,,,,,,,,92.0
214,GSM Type 4,TLM,,,,,,C2_3.5,3.5,pink crystalline limestone,,,crystalline limestone,,ls,,-10.38566399,-15.66445827,,,,,,,,,,,,,94.8
215,GSM Type 4,TLM,,,,,,C2_4.5,4.5,pink crystalline limestone,,,crystalline limestone,,ls,,-9.88126564,-15.83752251,,,,,,,,,,,,,97.6
216,GSM Type 4,TLM,,,,,,C2_5.5,5.5,pink crystalline limestone,,,crystalline limestone,,ls,,-9.691524506,-15.74461746,,,,,,,,,,,,,100.4
217,GSM Type 4,TLM,,,,,,C2_6.5,6.5,pink crystalline limestone,,,crystalline limestone,,ls,,-9.644076347,-15.58504486,,,,,,,,,,,,,103.2
218,GSM Type 4,TLM,,,,,,C2_7.6,7.6,sandy pink crystalline limestone,,,sandy limestone,,sandy ls,,-9.091451645,-15.93753242,,,,,,,,,,,,,106.28
219,GSM Type 4,TLM,,,,,,C2_8.6,8.6,sandy pink crystalline limestone,,,sandy limestone,,sandy ls,,-9.078943253,-15.6491785,,,,,,,,,,,,,109.08
220,GSM Type 4,TLM,,,,,,C2_9.6,9.6,sandy pink crystalline limestone,,,sandy limestone,,sandy ls,,-8.815067291,-15.31305122,,,,,,,,,,,,,111.88
221,GSM Type 4,TLM,,,,,,C2_10.6,10.6,green and pink crystalline limestone,,,crystalline limestone,,ls,,-8.545452118,-15.33586693,,,,,,,,,,,,,114.67999999999999
222,GSM Type 4,TLM,,,,,,C2_11.6,11.6,green and pink crystalline limestone,,,crystalline limestone,,ls,,-8.390976906,-15.56324863,,,,,,,,,,,,,117.47999999999999
223,GSM Type 4,TLM,,,,,,C2_12.6,12.6,green and pink crystalline limestone,,,crystalline limestone,,ls,,-8.32875061,-15.49907684,,,,,,,,,,,,,120.28
224,GSM Type 4,TLM,,,,,,C2_13.6,13.6,green crystalline limestone,,,crystalline limestone,,ls,,-8.046017647,-15.5731802,,,,,,,,,,,,,123.08
225,GSM Type 4,TLM,,,,,,C2_14.6,14.6,green crystalline limestone,,,crystalline limestone,,ls,,-8.190982819,-15.70575809,,,,,,,,,,,,,125.88
226,GSM Type 4,TLM,,,,,,C2_15.0,15.0,green crystalline limestone,,,crystalline limestone,,ls,,-8.122467041,-15.68919945,,,,,,,,,,,,,127.0
227,GSM Type 4,TLM,,,,,,C2_16.0,16.0,green crystalline limestone,,,crystalline limestone,,ls,,-7.800318241,-15.7115593,,,,,,,,,,,,,129.8
228,GSM Type 4,TLM,,,,,,C2_17.0,17.0,grey crystalline limestone,,,crystalline limestone,,ls,,-7.606199265,-15.62584686,,,,,,,,,,,,,132.6
229,GSM Type 4,TLM,,,,,,C2_17.8,17.8,grey crystalline limestone,,,crystalline limestone,,ls,,-7.383796692,-15.6125927,,,,,,,,,,,,,134.84
230,Marmot Road,TLM,13.0,limestone,silty limestone[grainstone],,,C3_0.0,0.0,sandy grainstone,,silty limestone,sandy limestone,,sandy ls,,-10.23222542,-16.173069,,,,,,,,,,,,,85.0
231,Marmot Road,TLM,5.4,cover,cover,,,C3_1.0,1.0,sandy grainstone,,cover,sandy limestone,,sandy ls,,-10.73711109,-15.3083849,,,,,,,,,,,,,87.0
232,Marmot Road,TLM,4.7,limestone,silty limestone[grainstone],CUS,,C3_2.0,2.0,sandy grainstone,,silty limestone,sandy limestone,,sandy ls,,-10.9544239,-14.67012501,,,,,,,,,,,,,89.0
233,Marmot Road,TLM,,,,,,C3_2.7,2.7,sandy grainstone,,,sandy limestone,,sandy ls,,-10.31482315,-15.93330956,,,,,,,,,,,,,90.4
234,Marmot Road,TLM,,,,,,C3_3.7,3.7,sandy grainstone,,,sandy limestone,,sandy ls,,-9.768551826,-16.2354641,,,,,,,,,,,,,92.4
235,Marmot Road,TLM,,,,,,C3_4.7,4.7,sandy grainstone,,,sandy limestone,,sandy ls,,-10.04157543,-15.99763012,,,,,,,,,,,,,94.4
236,Marmot Road,TLM,,,,,,C3_5.0,5.0,sandy crystalline limestone,,,sandy limestone,,sandy ls,,-9.682067871,-15.65914917,,,,,,,,,,,,,95.0
237,Marmot Road,TLM,,,,,,C3_5.7,5.7,sandy pink crystalline limestone,,,sandy limestone,,sandy ls,,-9.598297119,-15.40947437,,,,,,,,,,,,,96.4
238,Marmot Road,TLM,,,,,,C3_6.4,6.4,sandy grainstone,,,sandy limestone,,sandy ls,,-9.765411377,-15.72076893,,,,,,,,,,,,,97.8
239,Marmot Road,TLM,,,,,,C3_7.0,7.0,sandy grainstone,,,sandy limestone,,sandy ls,,-9.799118042,-16.05093765,,,,,,,,,,,,,99.0
240,Marmot Road,TLM,,,,,,C3_7.7,7.7,sandy grainstone,,,sandy limestone,,sandy ls,,-9.575378418,-16.11741829,,,,,,,,,,,,,100.4
241,Marmot Road,TLM,,,,,,C3_10.0,10.0,sandy green crystalline limestone,,,sandy limestone,,sandy ls,,-9.631971359,-15.64709663,,,,,,,,,,,,,105.0
242,Marmot Road,TLM,,,,,,C3_11.0,11.0,sandy grainstone,,,sandy limestone,,sandy ls,,-8.983100891,-15.59103489,,,,,,,,,,,,,107.0
243,Marmot Road,TLM,,,,,,C3_12.0,12.0,sandy grainstone,,,sandy limestone,,sandy ls,,-9.112164497,-15.73012733,,,,,,,,,,,,,109.0
244,Marmot Road,TLM,,,,,,C3_13.0,13.0,sandy pink crystalline limestone,,,sandy limestone,,sandy ls,,-8.792297363,-15.49883842,,,,,,,,,,,,,111.0
245,Marmot Road,TLM,,,,,,C3_18.4,18.4,sandy green crystalline limestone,,,sandy limestone,,sandy ls,,-8.816198349,-15.86826229,,,,,,,,,,,,,121.8
246,Marmot Road,TLM,,,,,,C3_19.5,19.5,grey crystalline limestone,,,crystalline limestone,,ls,,-8.2865839,-16.03286171,,,,,,,,,,,,,124.0
247,Marmot Road,TLM,,,,,,C3_20.0,20.0,grey crystalline limestone,,,crystalline limestone,,ls,,-8.408572197,-16.06349945,,,,,,,,,,,,,125.0
248,Marmot Road,TLM,,,,,,C3_20.5,20.5,grey crystalline limestone,,,crystalline limestone,,ls,,-8.356907845,-15.8040781,,,,,,,,,,,,,126.0
249,Marmot Road,TLM,,,,,,C3_21.0,21.0,sandy grainstone,,,sandy limestone,,sandy ls,,-8.233840942,-15.93623257,,,,,,,,,,,,,127.0
250,Marmot Road,TLM,,,,,,C3_21.5,21.5,sandy grainstone,,,sandy limestone,,sandy ls,,-8.156827927,-15.82307243,,,,,,,,,,,,,128.0
251,Marmot Road,TLM,,,,,,C3_22.0,22.0,sandy grainstone,,,sandy limestone,,sandy ls,,-8.136852264,-15.34939194,,,,,,,,,,,,,129.0
252,Marmot Road,TLM,,,,,,C3_22.5,22.5,sandy grainstone,,,sandy limestone,,sandy ls,,-8.088464737,-15.79475498,,,,,,,,,,,,,130.0
253,Marmot Road,TLM,,,,,,C3_23.1,23.1,sandy grainstone,,,sandy limestone,,sandy ls,,-7.879134655,-15.95513535,,,,,,,,,,,,,131.2
254,Pyrite Point,TLM,16.2,siliciclastic,siltstone; pyrite inclusions,,pyrite,C5_17.6,17.6,sandy pink crystalline limestone,laminated,siltstone,sandy limestone,,sandy ls,,-10.57352924,-14.38682747,,,,,,,,,,,,,78.72
255,Pyrite Point,TLM,18.4,siliciclastic,siltstone[rippled cross-bedded grainstone; intraclast pink carbonate breccia],FUS,ripples,C5_18.4,18.4,sandy pink crystalline limestone,laminated,limestone-siltstone rhythmite,sandy limestone,,sandy ls,,-10.56262684,-14.41404915,,,,,,,,,,,,,80.47999999999999
256,Pyrite Point,TLM,9.4,siliciclastic,siltstone[rippled cross-bedded grainstone with pyrite inclusions; intraclast pink carbonate breccia],FUS,ripples,C5_18.8,18.8,sandy pink crystalline limestone,laminated,limestone-siltstone rhythmite,sandy limestone,,sandy ls,,-10.4292984,-14.32014751,,,,,,,,,,,,,81.36000000000001
257,Pyrite Point,TLM,,,,,,C5_19.0,19.0,sandy pink crystalline limestone,laminated,,sandy limestone,,sandy ls,,-10.58471298,-14.51070309,,,,,,,,,,,,,81.80000000000001
258,Pyrite Point,TLM,,,,,,C5_19.4,19.4,sandy pink crystalline limestone,laminated,,sandy limestone,,sandy ls,,-10.25913239,-14.41390419,,,,,,,,,,,,,82.68
259,Pyrite Point,TLM,,,,,,C5_20.3,20.3,sandy pink crystalline limestone,laminated,,sandy limestone,,sandy ls,,-10.25157833,-14.4398613,,,,,,,,,,,,,84.66
260,Pyrite Point,TLM,,,,,,C5_22.8,22.8,sandy pink crystalline limestone,laminated,,sandy limestone,,sandy ls,,-10.11903095,-14.44569302,,,,,,,,,,,,,90.16
261,Pyrite Point,TLM,,,,,,C5_23.1,23.1,sandy pink crystalline limestone,laminated,,sandy limestone,,sandy ls,,-10.0459156,-14.36587238,,,,,,,,,,,,,90.82000000000001
262,Pyrite Point,TLM,,,,,,C5_23.3,23.3,sandy pink crystalline limestone,laminated,,sandy limestone,,sandy ls,,-10.07325172,-14.5697813,,,,,,,,,,,,,91.26
263,Pyrite Point,TLM,,,,,,C5_24.1,24.1,sandy pink crystalline limestone,laminated,,sandy limestone,,sandy ls,,-9.873186111,-14.42150879,,,,,,,,,,,,,93.02000000000001
264,Pyrite Point,TLM,,,,,,C5_27.2,27.2,sandy pink crystalline limestone,laminated,,sandy limestone,,sandy ls,,-9.602511406,-14.63660622,,,,,,,,,,,,,99.84
265,Pyrite Point,TLM,,,,,,C5_27.5,27.5,sandy pink crystalline limestone,,,sandy limestone,,sandy ls,,-9.691013336,-14.53872681,,,,,,,,,,,,,100.5
266,Pyrite Point,TLM,,,,,,C5_27.9,27.9,sandy pink crystalline limestone,,,sandy limestone,,sandy ls,,-9.670253754,-14.52899647,,,,,,,,,,,,,101.38
267,Pyrite Point,TLM,,,,,,C5_28.3,28.3,sandy pink crystalline limestone,,,sandy limestone,,sandy ls,,-9.46364212,-14.51674843,,,,,,,,,,,,,102.26
268,Pyrite Point,TLM,,,,,,C5_28.7,28.7,sandy pink crystalline limestone,,,sandy limestone,,sandy ls,,-9.689195633,-14.49651051,,,,,,,,,,,,,103.14
269,Pyrite Point,TLM,,,,,,C5_28.9,28.9,sandy pink crystalline limestone,,,sandy limestone,,sandy ls,,-9.549531937,-14.65649414,,,,,,,,,,,,,103.58000000000001
270,Pyrite Point,TLM,,,,,,C5_29.4,29.4,sandy pink crystalline limestone,,,sandy limestone,,sandy ls,,-9.596092224,-14.61542225,,,,,,,,,,,,,104.68
271,Pyrite Point,TLM,,,,,,C5_29.7,29.7,sandy pink crystalline limestone,,,sandy limestone,,sandy ls,,-9.232915878,-14.56885052,,,,,,,,,,,,,105.34
272,Pyrite Point,TLM,,,,,,C5_30.6,30.6,sandy pink crystalline limestone,,,sandy limestone,,sandy ls,,-9.230163574,-14.62837887,,,,,,,,,,,,,107.32000000000001
273,Pyrite Point,TLM,,,,,,C5_30.8,30.8,sandy pink crystalline limestone,,,sandy limestone,,sandy ls,,-9.338025093,-14.78385925,,,,,,,,,,,,,107.76
274,Pyrite Point,TLM,,,,,,C5_31.5,31.5,sandy pink crystalline limestone,,,sandy limestone,,sandy ls,,-9.041032791,-14.68814278,,,,,,,,,,,,,109.30000000000001
275,Pyrite Point,TLM,,,,,,C5_31.8,31.8,sandy pink crystalline limestone,,,sandy limestone,,sandy ls,,-9.316072464,-14.73420048,,,,,,,,,,,,,109.96000000000001
276,Pyrite Point,TLM,,,,,,C5_33.6,33.6,sandy pink crystalline limestone,,,sandy limestone,,sandy ls,,-9.273223877,-14.59179688,,,,,,,,,,,,,113.92000000000002
277,Pyrite Point,TLM,,,,,,C5_33.9,33.9,sandy pink crystalline limestone,,,sandy limestone,,sandy ls,,-9.322041512,-14.51510143,,,,,,,,,,,,,114.58
278,Pyrite Point,TLM,,,,,,C5_34.4,34.4,sandy pink crystalline limestone,,,sandy limestone,,sandy ls,,-9.102345467,-14.53616047,,,,,,,,,,,,,115.68
279,Pyrite Point,TLM,,,,,,C5_34.6,34.6,sandy pink crystalline limestone,,,sandy limestone,,sandy ls,,-9.08124733,-14.17494297,,,,,,,,,,,,,116.12
280,Pyrite Point,TLM,,,,,,C5_35.0,35.0,sandy pink crystalline limestone,,,sandy limestone,,sandy ls,,-9.026691437,-14.48356247,,,,,,,,,,,,,117.0
281,Pyrite Point,TLM,,,,,,C5_35.2,35.2,sandy pink crystalline limestone,,,sandy limestone,,sandy ls,,-9.240082741,-14.66834545,,,,,,,,,,,,,117.44000000000001
282,Pyrite Point,TLM,,,,,,C5_35.3,35.3,sandy pink crystalline limestone,,,sandy limestone,,sandy ls,,-8.979057312,-14.54461288,,,,,,,,,,,,,117.66
283,Pyrite Point,TLM,,,,,,C5_35.5,35.5,sandy pink crystalline limestone,,,sandy limestone,,sandy ls,,-8.856304169,-14.59589672,,,,,,,,,,,,,118.10000000000001
284,Pyrite Point,TLM,,,,,,C5_35.8,35.8,sandy pink crystalline limestone,,,sandy limestone,,sandy ls,,-8.940348625,-14.55666256,,,,,,,,,,,,,118.76
285,Pyrite Point,TLM,,,,,,C5_36.0,36.0,sandy pink crystalline limestone,,,sandy limestone,,sandy ls,,-8.932647705,-14.76031113,,,,,,,,,,,,,119.2
286,Pyrite Point,TLM,,,,,,C5_36.2,36.2,sandy pink crystalline limestone,,,sandy limestone,,sandy ls,,-8.993420601,-14.68384361,,,,,,,,,,,,,119.64000000000001
287,Pyrite Point,TLM,,,,,,C5_36.4,36.4,sandy pink crystalline limestone,,,sandy limestone,,sandy ls,,-8.992422104,-14.75339127,,,,,,,,,,,,,120.08
288,Pyrite Point,TLM,,,,,,C5_36.9,36.9,sandy pink crystalline limestone,,,sandy limestone,,sandy ls,,-9.001066208,-14.84707451,,,,,,,,,,,,,121.18
289,Pyrite Point,TLM,,,,,,C5_39.9,39.9,sandy pink crystalline limestone,,,sandy limestone,,sandy ls,,-8.681721687,-14.79050922,,,,,,,,,,,,,127.78
290,Pyrite Point,TLM,,,,,,C5_42.5,42.5,sandy pink crystalline limestone,,,sandy limestone,,sandy ls,,-8.360273361,-14.81538105,,,,,,,,,,,,,133.5
291,Pyrite Point,TLM,,,,,,C5_42.8,42.8,sandy pink crystalline limestone,,,sandy limestone,,sandy ls,,-8.425477028,-14.82930279,,,,,,,,,,,,,134.16
292,Pyrite Point,TLM,,,,,,C5_42.9,42.9,sandy pink crystalline limestone,sulfides,,sandy limestone,,sandy ls,,-8.299994469,-14.74498081,,,,,,,,,,,,,134.38
293,Pyrite Point,TLM,,,,,,C5_43.1,43.1,sandy pink crystalline limestone,sulfides,,sandy limestone,,sandy ls,,-8.400743484,-14.83895016,,,,,,,,,,,,,134.82
294,Pyrite Point,TLM,,,,,,C5_43.3,43.3,sandy pink crystalline limestone,sulfides,,sandy limestone,,sandy ls,,-8.513385773,-14.76063633,,,,,,,,,,,,,135.26
295,Pyrite Point,TLM,,,,,,C5_43.5,43.5,sandy pink crystalline limestone,sulfides,,sandy limestone,,sandy ls,,-8.316430092,-14.672328,,,,,,,,,,,,,135.7
296,Pyrite Point,TLM,,,,,,C5_43.7,43.7,sandy pink crystalline limestone,sulfides,,sandy limestone,,sandy ls,,-8.281479836,-14.77988148,,,,,,,,,,,,,136.14000000000001
297,Pyrite Point,TLM,,,,,,C5_44.0,44.0,sandy pink crystalline limestone,sulfides,,sandy limestone,,sandy ls,,-8.235296249,-14.67097092,,,,,,,,,,,,,136.8
298,McKale Creek,WMM,3.0,siliciclastic,mudstone,,"bedded, sulfides",C16_161.5,161.5,limestone cemented sandstone,,mudstone,sandy limestone,sandy limestone,sandy ls,limestone cemented sandstone,-6.699127197,-18.27578735,2.166110127,0.240419819,9.309491729,0.091587452,-1.758820018,0.046352279,4.695077062,8.014255495,0.206154777,2.052729577,0.061525839,0.204703751,161.5
299,McKale Creek,WMM,3.0,siliciclastic,sandstone,,sulfides,C16_162.0,162.0,limestone cemented sandstone,,sandstone,sandy limestone,,sandy ls,,-6.590511799,-18.43522263,,,,,,,,,,,,,162.0
300,McKale Creek,WMM,1.0,siliciclastic,mudstone,,"bedded, sulfides",C16_163.1,163.1,limestone cemented sandstone,,mudstone,sandy limestone,,sandy ls,,-5.517249107,-17.79676056,,,,,,,,,,,,,163.1
301,McKale Creek,WMM,3.5,siliciclastic,sandstone,,sulfides,C16_164.0,164.0,wackestone,,sandstone,wackestone,wackestone,ls,wackestone,-5.486806393,-16.87005043,7.119447697,0.501145255,12.53191094,0.432827442,1.592745525,-0.039282549,1.518045035,6.264055293,0.366758848,2.555325627,0.108148289,0.184302482,164.0
302,McKale Creek,WMM,4.0,siliciclastic,sandstone[mudstone],,,C16_165.0,165.0,ls mudstone,,sandstone,ls mudstone,,ls,,-5.581342697,-17.90714264,,,,,,,,,,,,,165.0
303,McKale Creek,WMM,2.8,siliciclastic,mudstone,,bedded,C16_165.3,165.3,limestone cemented sandstone,,mudstone,sandy limestone,sandy limestone,sandy ls,limestone cemented sandstone,-5.262210846,-17.23843193,2.767055102,0.48200629,7.554316603,0.296577031,0.398223464,-0.08291391,1.032896287,3.186816419,0.096319894,2.14451935,0.239018261,0.90183485,165.3
304,McKale Creek,WMM,7.9,siliciclastic,sandstone,,"bedded, sulfides",C16_166.3,166.3,limestone cemented sandstone,,sandstone,sandy limestone,sandy limestone,sandy ls,limestone cemented sandstone,-5.7794137,-17.79530907,11.54326622,1.487929703,13.74595895,0.881176186,2.350632526,0.228314439,0.883862205,8.110101469,4.885631837,3.131641763,0.3184177,0.196961497,166.3
305,McKale Creek,WMM,0.3,siliciclastic,sandstone,,,C16_166.4,166.4,limestone cemented sandstone,,sandstone,sandy limestone,,sandy ls,,-5.338428497,-17.57663345,,,,,,,,,,,,,166.4
306,McKale Creek,WMM,5.1,siliciclastic,mudstone,,bedded,C16_167.4,167.4,ls mudstone,,mudstone,ls mudstone,ls mudstone,ls,ls mudstone,-5.147033691,-17.64927673,7.509475668,0.270592307,18.69484833,0.112443042,0.522352936,0.154542887,0.428492674,5.016307957,0.126037706,4.644752434,0.010970055,0.244231223,167.4
307,McKale Creek,WMM,6.9,siliciclastic,mudstone[sandstone],,sulfides,C16_168.4,168.4,wackestone,,mudstone,wackestone,,ls,,-4.415678024,-17.24007416,,,,,,,,,,,,,168.4
308,McKale Creek,WMM,16.5,siliciclastic,sandstone[mudstone],,sulfides,C16_169.6,169.6,ls mudstone,,sandstone,ls mudstone,ls mudstone,ls,ls mudstone,-5.070957184,-17.25761032,5.7876761,0.349551584,16.63076195,0.097318071,0.67490987,0.118314722,0.452337663,1.82252742,0.162658177,4.504724459,0.012519128,0.191622464,169.6
309,McKale Creek,WMM,14.5,siliciclastic,mudstone,,convoluted,C16_170.6,170.6,ls mudstone,,mudstone,ls mudstone,,ls,,-4.650882244,-16.84319305,,,,,,,,,,,,,170.6
310,McKale Creek,WMM,4.0,siliciclastic,mudstone,,sulfides,C16_171.6,171.6,ls mudstone,,mudstone,ls mudstone,ls mudstone,ls,ls mudstone,-4.768340588,-17.37109184,6.623695581,0.416686628,18.60023964,0.070180095,0.506324684,-0.022301879,0.456296593,9.93626256,1.347567766,5.356910621,0.003410493,0.420880478,171.6
311,McKale Creek,WMM,4.0,siliciclastic,mudstone,,,C16_172.6,172.6,ls mudstone,,mudstone,ls mudstone,ls mudstone,ls,ls mudstone,-4.974720955,-17.54391098,5.169591527,0.37205715,16.37527299,0.036609532,0.48971192,0.019714908,0.319282862,3.252003048,0.117607158,4.996843191,0.006907485,0.5131319,172.6
312,McKale Creek,WMM,14.0,siliciclastic,mudstone,,,C16_173.6,173.6,ls mudstone,,mudstone,ls mudstone,,ls,,-4.10891819,-17.58621216,,,,,,,,,,,,,173.6
313,McKale Creek,WMM,14.6,siliciclastic,mudstone[sandstone],,,C16_174.6,174.6,ls mudstone,,mudstone,ls mudstone,ls mudstone,ls,ls mudstone,-3.273938656,-16.22459793,2.44936759,0.103671246,14.39309691,0.0312083,0.140590846,0.029222265,0.488007596,5.64034249,0.021933664,4.855792967,0.03427481,0.233079884,174.6
314,McKale Creek,WMM,1.8,limestone,carbonate clast breccia,FUS,ICT,C16_175.6,175.6,ls mudstone,,carbonate breccia,ls mudstone,,ls,,-4.54378891,-17.33488464,,,,,,,,,,,,,175.6
315,McKale Creek,WMM,1.1,siliciclastic,sandstone,,,C16_176.6,176.6,ls mudstone,,sandstone,ls mudstone,ls mudstone,ls,ls mudstone,-4.632104874,-17.09058571,4.668838752,0.175699901,17.98678168,0.027886298,0.309748055,0.038316845,0.450266248,6.144930421,0.070373727,5.788360807,0.00144671,0.146131961,176.6
316,McKale Creek,WMM,1.0,limestone,carbonate clast breccia,,ICT,C16_177.6,177.6,ls mudstone,,carbonate breccia,ls mudstone,ls mudstone,ls,ls mudstone,-4.982627869,-17.09893608,3.823634125,0.379012356,16.48485018,0.058577016,0.292828828,-0.034608892,0.454706438,8.09244268,0.99915373,5.20768425,0.001250441,0.19471935,177.6
317,McKale Creek,WMM,0.1,siliciclastic,sandstone,,,C16_178.6,178.6,ls mudstone,,sandstone,ls mudstone,,ls,,-4.445110798,-16.96455193,,,,,,,,,,,,,178.6
318,McKale Creek,WMM,0.5,limestone,carbonate clast breccia,,,C16_179.5,179.5,ls mudstone,,carbonate breccia,ls mudstone,ls mudstone,ls,ls mudstone,-4.923003197,-18.33932114,6.207928267,0.623061513,8.291511957,0.075106757,0.720214989,0.023351852,0.383893078,5.217073692,0.186152674,3.727454653,0.016274942,1.371614575,179.5
319,McKale Creek,WMM,0.4,siliciclastic,sandstone,,,C16_180.5,180.5,ls mudstone,,sandstone,ls mudstone,,ls,,-4.476861954,-17.30300713,,,,,,,,,,,,,180.5
320,McKale Creek,WMM,0.8,limestone,carbonate clast breccia,,ICT,C16_181.5,181.5,ls mudstone,,carbonate breccia,ls mudstone,ls mudstone,ls,ls mudstone,-4.319487095,-16.82635117,4.007706871,0.221537188,16.69106923,0.051307791,0.441751987,0.020289408,0.369701094,5.521863371,0.101699736,5.312855378,0.001460217,0.03944245,181.5
321,McKale Creek,WMM,2.0,limestone,sandstone[carbonate clast breccia],,ICT,C16_182.5,182.5,ls mudstone,,siltstone-intraclast carbonate breccia couplets,ls mudstone,,ls,,-4.685499668,-16.62101364,,,,,,,,,,,,,182.5
322,McKale Creek,WMM,22.7,siliciclastic,sandstone,,,C16_183.5,183.5,ls mudstone,sulfides,sandstone,ls mudstone,ls mudstone,ls,ls mudstone,-1.929136276,-15.43745422,5.284816856,0.398181327,3.350279865,0.071963676,0.098754325,0.026283763,0.747453779,0.105136851,0.597119798,0.805644687,0.020956767,0.352999011,183.5
323,McKale Creek,WMM,1.0,limestone,carbonate clast breccia,,ICT,C16_184.5,184.5,ls mudstone,,carbonate breccia,ls mudstone,ls mudstone,ls,ls mudstone,-5.019248962,-16.6860218,3.69077683,0.497843986,15.5520586,0.03991617,0.586574292,0.049693725,0.448540972,0.867901145,0.146248892,4.641212589,0.008321427,0.395108081,184.5
324,McKale Creek,WMM,2.0,siliciclastic,sandstone,,massive,C16_185.5,185.5,ls mudstone,sulfides,sandstone,ls mudstone,,ls,,-5.420912743,-16.66033554,,,,,,,,,,,,,185.5
325,McKale Creek,WMM,1.5,limestone,carbonate clast breccia,FUS,ICT,C16_187.0,187.0,sandy grainstone,sulfides,carbonate breccia,sandy limestone,sandy limestone,sandy ls,sandy grainstone,-4.923845291,-16.69885635,3.128644357,0.24591904,17.20119622,0.063746925,0.107716509,-1.42e-06,0.879056448,8.250678413,0.016947059,4.135140409,0.009993309,0.069539515,187.0
326,McKale Creek,WMM,6.2,siliciclastic,sandstone,,,C16_187.8,187.8,sandy grainstone,sulfides,sandstone,sandy limestone,,sandy ls,,-5.021736145,-16.72045898,,,,,,,,,,,,,187.8
327,McKale Creek,WMM,10.0,siliciclastic,mudstone[sandstone],,sulfides,C16_188.4,188.4,ls mudstone,,mudstone,ls mudstone,ls mudstone,ls,ls mudstone,-5.221403599,-16.37733078,7.446046072,0.568265205,19.65277432,0.362802603,1.618204141,0.059615675,1.221038288,10.12550793,0.375462883,4.61480674,0.04817377,0.270063818,188.4
328,McKale Creek,WMM,5.0,limestone,limestone cemented sandstone[siliciclastic breccia],,,C16_189.4,189.4,sandy grainstone,sulfides,carbonate cemented siltstone,sandy limestone,sandy limestone,sandy ls,sandy grainstone,-4.641938686,-15.66182041,6.252401327,0.524339554,12.5246446,0.018165438,0.072925297,0.002860206,1.533794316,0.707868047,0.517102474,2.713980888,0.000689991,0.11698218,189.4
329,McKale Creek,WMM,2.8,limestone,sandstone[limestone cemented sandstone],,,C16_190.3,190.3,sandy grainstone,sulfides,carbonate cemented siltstone,sandy limestone,,sandy ls,,-4.540484905,-16.54142761,,,,,,,,,,,,,190.3
330,McKale Creek,WMM,26.3,limestone,ls mudstone,,"sulfides, fissile, scours",C16_191.3,191.3,ls mudstone,sulfides,ls mudstone,ls mudstone,ls mudstone,ls,ls mudstone,-4.824121952,-16.71564484,2.422379519,0.22191938,19.01956319,0.043219938,0.289055417,0.080455053,1.575934529,7.32211296,0.061263939,4.415430124,0.005648592,0.094864443,191.3
331,McKale Creek,WMM,3.0,limestone,mudstone[ls mudstone],,,C16_192.3,192.3,ls mudstone,sulfides,ls mudstone,ls mudstone,,ls,,-5.290744305,-16.67438507,,,,,,,,,,,,,192.3
332,McKale Creek,WMM,2.7,siliciclastic,sandstone,,,C16_198.3,198.3,ls mudstone,sulfides,sandstone,ls mudstone,ls mudstone,ls,ls mudstone,-5.466349125,-16.91957855,2.072822929,0.121777939,19.6080482,0.038058213,0.219451563,0.010556825,1.347268033,4.158330798,0.044508048,4.522530981,0.002594514,0.094183857,198.3
333,McKale Creek,WMM,2.1,siliciclastic,mudstone,,,C16_202.3,202.3,ls mudstone,sulfides,mudstone,ls mudstone,,ls,,-4.260579586,-16.7799511,,,,,,,,,,,,,202.3
334,McKale Creek,WMM,10.2,limestone,ls mudstone[sandstone],,sulfides,C16_203.3,203.3,ls mudstone,sulfides,ls mudstone,ls mudstone,ls mudstone,ls,ls mudstone,-4.112238407,-16.64539528,3.785719815,0.632647698,17.82888399,0.089472655,0.354052381,0.022587403,0.623406168,8.808424523,1.142551542,4.817176331,0.002704113,0.095675198,203.3
335,McKale Creek,WMM,2.7,limestone,ls mudstone,,,C16_204.3,204.3,sandy grainstone,sulfides,ls mudstone,sandy limestone,sandy limestone,sandy ls,sandy grainstone,-4.074716568,-16.81881332,2.157099975,0.402743242,17.79359157,0.070497006,0.285574833,0.086921441,0.677113855,8.225123199,0.053958917,4.736042806,0.017395031,0.087064837,204.3
336,McKale Creek,WMM,24.5,limestone,sandstone[ls mudstone],,,C16_205.3,205.3,ls mudstone,,carbonate cemented siltstone,ls mudstone,,ls,,-4.183737278,-16.58078575,,,,,,,,,,,,,205.3
337,McKale Creek,WMM,1.2,siliciclastic,sandstone,,,C16_206.3,206.3,ls mudstone,,sandstone,ls mudstone,ls mudstone,ls,ls mudstone,-4.089812756,-16.55751038,3.328662068,0.175151884,15.28038845,0.034740207,0.443353631,-0.065954066,0.483813531,5.035895732,0.086043941,4.913996242,0.001737215,0.035636294,206.3
338,McKale Creek,WMM,1.4,limestone,carbonate clast breccia,,ICT,C16_207.3,207.3,ls mudstone,,carbonate breccia,ls mudstone,,ls,,-3.784263611,-16.74081421,,,,,,,,,,,,,207.3
339,McKale Creek,WMM,13.3,siliciclastic,sandstone,,,C16_208.3,208.3,limestone cemented sandstone,,sandstone,sandy limestone,sandy limestone,sandy ls,limestone cemented sandstone,-4.598834991,-16.13644028,2.678196911,0.369140576,11.96663184,0.124325041,0.426779364,-0.055456354,1.2993494,5.099220957,0.079797372,2.500787357,0.027433907,0.110736983,208.3
340,McKale Creek,WMM,4.1,limestone,ls mudstone,,ICT,C16_210.0,210.0,limestone cemented sandstone,,ls mudstone,sandy limestone,sandy limestone,sandy ls,limestone cemented sandstone,-4.772856236,-17.13969231,5.305188066,0.288061522,18.73779933,0.264811959,-0.332478201,-0.023835858,2.51101124,12.05505829,0.879271012,3.774721083,0.106865413,0.107000781,210.0
341,McKale Creek,WMM,0.8,limestone,carbonate clast breccia,,ICT,C16_213.8,213.8,ls mudstone,sulfides,carbonate breccia,ls mudstone,,ls,,-5.178019047,-17.01806259,,,,,,,,,,,,,213.8
342,McKale Creek,WMM,4.6,limestone,sandstone[ls mudstone],,,C16_221.5,221.5,ls mudstone,,carbonate cemented siltstone,ls mudstone,ls mudstone,ls,ls mudstone,-5.229438305,-17.73403549,2.704751207,0.31061214,19.65387553,0.047774038,0.303422196,0.126133342,1.599339424,9.17491625,0.05962205,3.634041677,0.005289354,0.090296007,221.5
343,McKale Creek,WMM,8.3,limestone,sandstone[ls mudstone],,,C16_228.0,228.0,limestone cemented sandstone,,carbonate cemented siltstone,sandy limestone,,sandy ls,,-4.196372986,-17.97195816,,,,,,,,,,,,,228.0
344,McKale Creek,WMM,0.4,limestone,carbonate clast breccia,,,C16_229.0,229.0,ls mudstone,,carbonate breccia,ls mudstone,ls mudstone,ls,ls mudstone,-3.487021923,-17.39315033,3.456099615,0.080186575,18.80203813,0.043727289,0.20797341,0.117467273,0.566793587,2.639856798,0.035123941,3.410328799,0.008982099,0.181619689,229.0
345,McKale Creek,WMM,9.4,siliciclastic,sandstone,,,C16_230.0,230.0,ls mudstone,,sandstone,ls mudstone,,ls,,-3.664592743,-17.56307411,,,,,,,,,,,,,230.0
346,McKale Creek,WMM,6.0,siliciclastic,mudstone,,,C16_231.0,231.0,ls mudstone,,mudstone,ls mudstone,ls mudstone,ls,ls mudstone,-3.727679014,-17.41398048,2.386931301,0.17190365,18.5602624,0.029425791,-0.171427926,-0.00573106,0.510227429,7.381594676,0.333989035,3.311748436,0.000518103,0.11312547,231.0
347,McKale Creek,WMM,0.7,siliciclastic,sandstone,,,C16_232.0,232.0,ls mudstone,,sandstone,ls mudstone,ls mudstone,ls,ls mudstone,-3.676147461,-18.00538826,5.242221415,0.190816874,18.89231322,0.064323467,0.425985472,0.02731831,0.532066147,4.496223488,0.083595766,3.708879571,0.003220381,0.182282696,232.0
348,McKale Creek,WMM,0.6,siliciclastic,pebble conglomerate,,scours,C16_233.0,233.0,grainstone,,conglomerate,grainstone,,ls,,-3.720675945,-19.59428406,,,,,,,,,,,,,233.0
349,McKale Creek,WMM,0.4,siliciclastic,sandstone,,,C16_234.0,234.0,ls mudstone,,sandstone,ls mudstone,ls mudstone,ls,ls mudstone,-3.695813656,-17.55757141,2.527297175,0.09406236,19.30432347,0.025741867,0.190763795,1.16e-06,0.479987436,5.625566015,0.029805281,3.751639312,0.002139689,0.115051529,234.0
350,McKale Creek,WMM,0.6,siliciclastic,pebble conglomerate,,,C16_234.5,234.5,ls mudstone,,conglomerate,ls mudstone,,ls,,-3.994728088,-17.52662468,,,,,,,,,,,,,234.5
351,McKale Creek,WMM,20.0,siliciclastic,sandstone,,,C16_251.4,251.4,sandy grainstone,sulfides,sandstone,sandy limestone,sandy limestone,sandy ls,sandy grainstone,-2.891256571,-17.44952393,5.016870154,0.21614328,19.34798096,0.226096909,0.589869297,0.022073954,0.762886954,8.075388382,0.115830762,2.2877682,0.072655224,0.053780692,251.4
352,McKale Creek,WMM,,,,,,C16_252.4,252.4,sandy grainstone,,,sandy limestone,sandy limestone,sandy ls,sandy grainstone,-2.726565361,-17.20454788,1.564020646,0.028528012,11.6008766,0.047303826,-0.806832711,-0.051173037,0.536842959,3.416613688,0.001328609,2.403429072,0.003367008,0.096523598,252.4
353,McKale Creek,WMM,,,,,,C16_254.2,254.2,limestone cemented sandstone,,,sandy limestone,sandy limestone,sandy ls,limestone cemented sandstone,-2.710965872,-17.57505989,56.42961491,1.728019092,20.52488604,2.335810054,6.020451203,0.329438498,1.511571591,8.327166271,1.335400016,2.252117951,0.335316074,0.159397638,254.2
354,McKale Creek,WMM,,,,,,C16_255.2,255.2,limestone cemented sandstone,,,sandy limestone,sandy limestone,sandy ls,limestone cemented sandstone,-2.786670208,-17.68947029,28.30243937,0.797780857,20.83867232,0.902381205,2.711636883,0.189192054,1.542885267,8.551713931,0.559474009,2.219164907,0.148720091,0.171483498,255.2
355,McKale Creek,WMM,,,,,,C16_255.9,255.9,wackestone,,,wackestone,wackestone,ls,wackestone,-2.424179077,-17.55496216,9.789506002,0.741651946,18.48012305,0.345498919,1.183512377,0.026086088,1.315604298,7.260174976,0.261816937,2.137423206,0.038902569,0.279774832,255.9
356,McKale Creek,WMM,,,,,,C16_258.6,258.6,ls mudstone,,,ls mudstone,ls mudstone,ls,ls mudstone,0.049881458,-17.12997437,24.74688696,1.265619207,20.10524328,0.166853592,0.526706402,0.024555665,3.470509598,9.84770871,0.103467496,1.873960138,0.011968505,0.288394116,258.6
357,McKale Creek,WMM,,,,,,C16_259.6,259.6,limestone cemented siltstone,,,sandy limestone,sandy limestone,sandy ls,limestone cemented siltstone,-0.443353176,-17.21959496,33.17548544,2.556466313,17.52841151,0.802398536,2.324135054,0.06649342,4.859870203,16.56680185,0.49134737,1.802964366,0.091078149,0.072884738,259.6
358,McKale Creek,WMM,,,,,,C16_269.0,269.0,limestone cemented sandstone,,,sandy limestone,sandy limestone,sandy ls,limestone cemented sandstone,-2.039587259,-15.69561863,12.1042449,1.657199077,9.549709423,0.831913252,5.921687588,-0.034813256,6.383137064,5.804450535,7.61363987,1.145598,0.256086134,0.215892034,269.0
359,McKale Creek,WMM,,,,,,C16_269.3,269.3,limestone cemented sandstone,,,sandy limestone,sandy limestone,sandy ls,limestone cemented sandstone,-3.6118083,-15.80901909,11.54346626,0.695331523,10.83799907,0.583056037,5.407160944,0.086024735,1.323501599,0.004010353,1.055859827,0.179876131,0.046437994,1.417465197,269.3
